____,_¡§_¢®¨¡¡Ë_,¡§__¢®¨¡¡Ë_,¢®¨¡_¢®¨¡¡Ë_,__¢®¨¡¡Ë_,¢®¨¡¢®_¢®¢´¡Ë_¢®¢´_
2013-8-29,127500,149500,149500,127500,33359
2013-8-30,108500,108500,111500,108500,5126731
2013-9-2,114000,110000,114500,108000,1704882
2013-9-3,110000,114500,115000,110000,607923
2013-9-4,109000,109000,112500,108500,324499
2013-9-5,109000,109500,110500,107000,552482
2013-9-6,104000,109000,110500,103000,538761
2013-9-9,107000,104500,108000,102500,460874
2013-9-10,114500,108500,116000,107500,813503
2013-9-11,113500,114000,115000,112000,384258
2013-9-12,116000,116000,118500,114000,731557
2013-9-13,115000,114500,116500,113000,249092
2013-9-16,111000,116000,116500,110500,299952
2013-9-17,109500,111000,112500,109000,276014
2013-9-23,108500,110000,114000,108500,437542
2013-9-24,111500,109000,112000,108500,287737
2013-9-25,115500,112000,116500,111000,496101
2013-9-26,122000,116500,126500,115500,967404
2013-9-27,121500,122000,122500,119000,324156
2013-9-30,118000,120500,122500,118000,290821
2013-10-1,117500,118500,121000,115500,268328
2013-10-2,124000,118000,124500,118000,457264
2013-10-4,120000,123500,125500,118500,418153
2013-10-7,114000,119500,120500,114000,364640
2013-10-8,114000,113500,114500,110500,407393
2013-10-10,111500,113000,115000,110500,299340
2013-10-11,113000,112500,113500,110500,383360
2013-10-14,108500,113000,113500,108500,279415
2013-10-15,110500,109500,112000,109000,316911
2013-10-16,101000,109500,111500,99500,1409489
2013-10-17,100000,102000,103500,100000,417219
2013-10-18,102500,100500,104000,100500,365678
2013-10-21,106500,103500,108000,102500,328227
2013-10-22,110000,107000,111000,104500,438671
2013-10-23,109000,109500,111500,108500,341196
2013-10-24,115000,110000,115000,109000,488029
2013-10-25,118000,116000,118500,115500,429055
2013-10-28,116000,117000,117500,113000,298525
2013-10-29,113000,116000,117000,112500,261684
2013-10-30,114500,113500,115500,111000,288198
2013-10-31,113500,113500,115500,112000,237946
2013-11-1,109000,113500,113500,107500,667440
2013-11-4,109000,109000,111000,108500,156287
2013-11-5,107500,110000,110000,107000,151011
2013-11-6,105000,107000,109000,103000,283178
2013-11-7,103000,106000,108000,103000,214643
2013-11-8,101500,103500,105000,101000,205524
2013-11-11,103000,103000,108000,102000,274772
2013-11-12,100500,104000,104500,99700,408307
2013-11-13,96700,99000,99800,93500,650521
2013-11-14,94200,98500,98800,93900,322964
2013-11-15,91100,95000,95500,90400,736669
2013-11-18,94400,92300,94800,91500,425200
2013-11-19,95000,95200,96700,93600,287059
2013-11-20,94800,94600,96700,93200,260289
2013-11-21,94600,95100,96500,93500,179384
2013-11-22,100500,95900,102000,95000,486907
2013-11-25,102000,101000,104500,101000,339132
2013-11-26,103000,103000,104500,100500,228697
2013-11-27,97200,102500,103000,97000,421540
2013-11-28,95200,97500,97600,94200,551137
2013-11-29,95600,95000,96400,94500,261683
2013-12-2,92300,95600,95600,92300,350014
2013-12-3,91000,91900,93800,90500,296205
2013-12-4,87600,91200,92000,87300,405036
2013-12-5,89800,89000,91300,88500,313851
2013-12-6,92700,89000,93200,89000,303279
2013-12-9,97200,93600,97600,93000,391234
2013-12-10,94000,97600,98800,94000,252407
2013-12-11,93400,93500,96500,92600,178948
2013-12-12,91000,92400,92700,90300,225530
2013-12-13,94700,91100,95200,89600,232657
2013-12-16,91000,94500,95900,90800,224747
2013-12-17,90300,91500,92600,88700,289997
2013-12-18,91800,90400,93400,90100,232265
2013-12-19,92100,92600,93200,91700,117926
2013-12-20,93800,92000,93800,91100,165299
2013-12-23,92800,94800,95500,92700,195563
2013-12-24,94400,93400,94700,91900,180648
2013-12-26,93000,94600,94900,92900,100218
2013-12-27,96500,93300,96800,92900,239270
2013-12-30,96400,96300,96500,94900,142922
2014-1-2,93700,96500,96800,93400,141683
2014-1-3,91200,93500,93500,90500,318796
2014-1-6,91700,91300,92200,90700,121211
2014-1-7,88600,91100,91200,88500,378056
2014-1-8,80300,86800,87000,80000,975083
2014-1-9,81000,80700,82600,80100,362990
2014-1-10,79700,81300,81900,78300,312557
2014-1-13,80500,79500,81600,79200,240523
2014-1-14,82900,79700,83600,79700,288216
2014-1-15,82900,83500,83500,81700,139983
2014-1-16,84000,83400,85400,82500,222778
2014-1-17,82400,84000,84800,81700,115482
2014-1-20,83500,83300,84500,82900,150729
2014-1-21,81700,83200,83200,81300,121453
2014-1-22,81600,81700,82500,81400,103490
2014-1-23,83700,82000,84600,81900,204084
2014-1-24,81500,83200,83500,80200,246591
2014-1-27,78600,79100,79600,78400,183877
2014-1-28,76400,78300,78900,76200,235713
2014-1-29,77300,77000,78400,76400,222069
2014-2-3,79200,77500,80100,77000,293996
2014-2-4,81400,78200,81500,78000,354180
2014-2-5,84200,82000,84700,82000,368232
2014-2-6,86300,85000,86400,83100,299473
2014-2-7,87400,86500,87900,84500,237414
2014-2-10,87400,87600,88900,86600,177998
2014-2-11,87000,86900,88300,86500,124818
2014-2-12,86100,87900,89000,84900,164283
2014-2-13,90200,85500,92100,85000,508443
2014-2-14,93800,90400,94200,89800,413650
2014-2-17,92900,93200,94200,92000,208524
2014-2-18,92700,93000,94700,91200,261039
2014-2-19,93900,92900,95200,92700,288167
2014-2-20,96500,94500,96900,94000,376502
2014-2-21,96600,96300,97000,95000,169666
2014-2-24,92300,97000,98600,91600,382489
2014-2-25,91500,92700,93700,91400,253071
2014-2-26,91500,92100,92600,90800,164901
2014-2-27,95500,92100,95500,92000,366878
2014-2-28,99300,95000,101000,94800,756883
2014-3-3,103500,99400,105000,98700,516746
2014-3-4,103000,103000,104000,101000,309490
2014-3-5,97700,103500,104000,97000,642276
2014-3-6,98500,99500,101000,97200,382407
2014-3-7,98800,98000,99700,96500,246257
2014-3-10,100500,98800,102000,98800,353537
2014-3-11,97000,100500,100500,96400,343101
2014-3-12,93500,97600,98300,92700,332205
2014-3-13,95500,93500,96300,93000,201642
2014-3-14,95600,93700,97800,92800,277792
2014-3-17,92600,95100,96300,92600,225153
2014-3-18,93000,93200,94300,92600,128298
2014-3-19,91000,94100,94400,90500,278881
2014-3-20,89100,91200,91400,88700,248482
2014-3-21,89600,89100,90800,89000,148024
2014-3-24,94100,90100,94300,89800,246903
2014-3-25,95900,94400,96200,94200,348906
2014-3-26,95600,96000,96100,94500,187566
2014-3-27,97000,96000,99500,95700,479077
2014-3-28,96800,97000,98100,95500,135944
2014-3-31,96000,97600,98800,94300,203148
2014-4-1,97700,96900,97800,95000,130493
2014-4-2,97800,98600,99500,97500,164984
2014-4-3,93400,97700,98700,92800,388909
2014-4-4,90800,93200,93300,90200,382098
2014-4-7,90400,91300,92600,89400,231707
2014-4-8,92000,89300,92000,88900,252912
2014-4-9,90800,92000,92700,90800,178403
2014-4-10,90100,91700,91900,89800,172131
2014-4-11,87600,89300,89800,86600,334568
2014-4-14,89800,87500,90100,87200,222617
2014-4-15,87000,90300,90800,87000,222207
2014-4-16,85900,87600,88200,85600,195726
2014-4-17,85200,86500,87700,85100,155643
2014-4-18,87300,85500,87600,85300,120630
2014-4-21,86000,87800,88000,85500,149739
2014-4-22,88800,87200,90300,87000,372141
2014-4-23,88200,89400,90500,88000,187733
2014-4-24,88100,89100,89600,86800,171912
2014-4-25,86000,86900,87700,85800,154373
2014-4-28,86000,85700,87000,84600,81461
2014-4-29,86000,86700,88000,85900,96762
2014-4-30,84300,87000,87400,84300,133979
2014-5-2,80700,84500,84900,80600,367983
2014-5-7,80100,80100,80900,78700,197256
2014-5-8,77900,80300,81000,76900,377489
2014-5-9,74600,76700,77600,74500,500961
2014-5-12,70700,74100,75100,70500,622491
2014-5-13,72900,71100,73500,70800,402427
2014-5-14,73300,73300,74200,72700,230786
2014-5-15,72500,72800,73600,71500,285757
2014-5-16,70200,72600,72800,70100,396040
2014-5-19,70100,70800,72300,69800,275526
2014-5-20,67500,70200,71100,67200,436741
2014-5-21,68200,67500,68700,67100,197860
2014-5-22,72000,68200,72200,68200,364911
2014-5-23,71600,71500,72800,70700,242567
2014-5-26,71300,70700,72600,70700,172811
2014-5-27,73300,71300,73800,71300,338738
2014-5-28,77300,72900,77500,72400,467118
2014-5-29,76900,76600,77700,76100,288494
2014-5-30,74200,76700,78000,73900,1334022
2014-6-2,73500,75000,76100,73400,220631
2014-6-3,75000,75200,75500,73500,266224
2014-6-5,72300,74600,74900,71200,247460
2014-6-9,71500,72100,72700,69600,222277
2014-6-10,74000,71500,75100,71300,191700
2014-6-11,74300,74100,76400,73500,210218
2014-6-12,73500,73900,74400,73100,164911
2014-6-13,72000,72800,73500,71000,216613
2014-6-16,76000,72700,76100,72000,275078
2014-6-17,77300,76000,77700,74800,282579
2014-6-18,77100,77100,78100,76000,188299
2014-6-19,77100,77100,78400,76600,135475
2014-6-20,75000,77500,77500,74500,201109
2014-6-23,75200,75700,76400,74400,189548
2014-6-24,76000,75000,76000,73100,247443
2014-6-25,77900,75500,78200,75100,320004
2014-6-26,78500,78500,80300,78100,476102
2014-6-27,78400,78800,79300,77700,176185
2014-6-30,78400,79000,79700,78200,156700
2014-7-1,78600,78400,79300,77600,162394
2014-7-2,81600,79000,81900,78400,362725
2014-7-3,82200,82200,82700,81200,233333
2014-7-4,80700,82400,82600,80100,216670
2014-7-7,79000,80500,80500,78200,269480
2014-7-8,77500,79000,79300,76600,230136
2014-7-9,77300,76300,77800,75000,223271
2014-7-10,75000,77400,77600,74900,255669
2014-7-11,74900,75300,75800,74200,147805
2014-7-14,74200,74800,75100,72900,202728
2014-7-15,73700,74400,75600,73600,199597
2014-7-16,73600,74000,74600,72700,130990
2014-7-17,74400,74100,75100,73400,169556
2014-7-18,74000,73500,74400,73300,91385
2014-7-21,76800,74800,76900,74300,234091
2014-7-22,77600,76700,78400,75900,202542
2014-7-23,75500,76600,77000,75400,193871
2014-7-24,73500,75500,76000,72800,273348
2014-7-25,73000,73700,74200,72900,146539
2014-7-28,72500,73400,73800,71700,155306
2014-7-29,70200,72500,72800,69500,326919
2014-7-30,69100,70200,70300,68400,273472
2014-7-31,71300,69200,71800,68700,238906
2014-8-1,71200,70300,71800,70100,131865
2014-8-4,72300,71000,72400,71000,131234
2014-8-5,69900,72100,72300,69500,179633
2014-8-6,71200,70200,72700,70100,230062
2014-8-7,72000,69200,73800,68300,611816
2014-8-8,68400,72200,73200,68000,746588
2014-8-11,63200,68700,69000,63000,876227
2014-8-12,63700,63200,64900,62900,388131
2014-8-13,69500,63400,69500,63400,686519
2014-8-14,68400,69300,70800,67600,360379
2014-8-18,71200,68400,71400,68300,371090
2014-8-19,76900,72000,77100,71400,845491
2014-8-20,75700,77700,79500,75100,850678
2014-8-21,73500,75700,76000,73200,402874
2014-8-22,73500,73700,75100,72000,296102
2014-8-25,74100,73900,75700,73100,236310
2014-8-26,73100,74200,74700,72400,244899
2014-8-27,70000,73500,73500,68600,523582
2014-8-28,69600,70500,71100,68500,279647
2014-8-29,72400,69500,72400,69000,282541
2014-9-1,74500,74800,76400,73800,428963
2014-9-2,74200,74900,75300,72900,195649
2014-9-3,72800,74700,74900,72600,224671
2014-9-4,83300,73000,83700,72700,2389705
2014-9-5,82500,85100,87300,81200,1342429
2014-9-11,78700,82800,82900,78700,584941
2014-9-12,78600,79200,80700,77700,496652
2014-9-15,74200,77600,78900,74100,573631
2014-9-16,74500,74000,75700,73100,423104
2014-9-17,75900,75100,77500,74700,511462
2014-9-18,79200,77000,79800,76400,699649
2014-9-19,81400,80200,82000,77600,638850
2014-9-22,85400,82700,86700,81400,1069964
2014-9-23,87100,84300,87600,83400,720894
2014-9-24,83800,85900,86600,83100,645519
2014-9-25,75900,82300,82600,75100,1703114
2014-9-26,79200,77000,79600,76500,772229
2014-9-29,76000,79500,80000,75000,442545
2014-9-30,82500,79700,85000,79200,3190582
2014-10-1,87500,83000,88300,81100,1418915
2014-10-2,88700,86900,90800,86100,1149407
2014-10-6,86100,89300,89900,83900,791471
2014-10-7,86500,87000,89100,85000,390585
2014-10-8,85700,85500,87200,85300,277121
2014-10-10,79500,84300,84300,79300,604071
2014-10-13,79300,78800,81400,77600,384650
2014-10-14,80300,78900,81500,78600,255017
2014-10-15,79200,79800,80900,78100,259438
2014-10-16,79600,78100,81200,77200,373663
2014-10-17,75300,79700,80000,75100,444436
2014-10-20,73100,76300,76700,73100,533479
2014-10-21,73200,73700,75700,73100,379750
2014-10-22,71600,74500,74500,71000,523314
2014-10-23,73500,72500,75500,71500,446355
2014-10-24,70600,74000,74900,70200,413243
2014-10-27,71300,71400,71900,69000,401338
2014-10-28,73200,72500,75100,72100,446859
2014-10-29,76700,77600,80600,76400,880859
2014-10-30,78200,78000,78600,75300,334492
2014-10-31,83000,77700,84000,76700,615317
2014-11-3,81300,84200,84400,79300,475274
2014-11-4,76500,81100,81700,76300,361862
2014-11-5,75700,76500,79200,75000,337537
2014-11-6,77500,77800,81200,75700,699166
2014-11-7,65900,76100,76400,65900,1170678
2014-11-10,69000,68700,70600,67000,830729
2014-11-11,71600,70000,71800,68600,443686
2014-11-12,70000,70600,71300,69600,345643
2014-11-13,68000,70000,72200,63300,663083
2014-11-14,66100,68200,68600,66100,304669
2014-11-17,67400,67100,68800,66500,299288
2014-11-18,66500,67500,68800,66000,330633
2014-11-19,72900,67400,73800,66700,939302
2014-11-20,73100,72600,73500,70500,518013
2014-11-21,74900,73500,75700,72400,590224
2014-11-24,76000,74200,77300,72900,485661
2014-11-25,77700,77400,78900,76200,505014
2014-11-26,74900,78200,78300,74100,405480
2014-11-27,72800,74900,75500,71800,358960
2014-11-28,73600,72500,74900,72000,226969
2014-12-1,73000,73200,74400,71400,261643
2014-12-2,77300,72900,77800,72900,548529
2014-12-3,78500,77800,79300,76500,379114
2014-12-4,79000,78900,80400,77900,413902
2014-12-5,79400,79500,80000,77900,241865
2014-12-8,79400,80000,81900,78600,362623
2014-12-9,80700,81200,83300,80500,664035
2014-12-10,83000,81500,83500,81200,516005
2014-12-11,81300,83000,83700,81100,276746
2014-12-12,83900,80700,84000,78500,406232
2014-12-15,89500,85600,92100,84600,1301480
2014-12-16,91600,90800,91800,87400,821825
2014-12-17,90200,92300,92400,88600,558866
2014-12-18,88100,91200,91300,85400,791389
2014-12-19,89000,89000,91500,88200,416604
2014-12-22,85600,88200,88800,85600,432477
2014-12-23,86500,86100,87300,84000,475696
2014-12-24,85500,87700,88200,85300,233907
2014-12-26,87300,86000,89200,85600,318491
2014-12-29,87800,87600,89700,87100,268615
2014-12-30,87500,88400,89000,86300,182320
2015-1-2,92900,87600,92900,87200,571352
2015-1-5,94400,93600,95300,92800,439153
2015-1-6,91400,92500,93800,90800,398083
2015-1-7,91400,92000,94500,90900,430514
2015-1-8,86900,85000,88500,84500,1699755
2015-1-9,83700,84700,84800,80000,1373254
2015-1-12,83300,83700,85100,81300,646870
2015-1-13,80400,83900,84500,80100,621088
2015-1-14,81800,80500,82300,79700,416259
2015-1-15,83800,81500,83900,80900,312609
2015-1-16,82500,83200,83600,82000,204545
2015-1-19,80700,83700,83700,80700,225895
2015-1-20,75400,79300,79400,75100,724557
2015-1-21,76000,75400,76900,74200,387480
2015-1-22,72700,75700,76400,72700,361019
2015-1-23,75900,73900,76500,72900,344613
2015-1-26,76600,75900,77300,75000,207866
2015-1-27,77000,77400,78500,75800,245940
2015-1-28,78800,76500,78800,76400,224398
2015-1-29,77600,78800,78900,77400,139510
2015-1-30,74500,77800,78200,74500,240610
2015-2-2,73300,74000,76200,73100,211431
2015-2-3,74100,74100,74500,73000,150152
2015-2-4,75500,77400,78500,75500,301039
2015-2-5,71000,73600,74000,70300,800626
2015-2-6,73000,71400,73800,71200,416675
2015-2-9,68600,71300,71900,67800,299976
2015-2-10,69800,68400,70700,68000,239180
2015-2-11,74000,70000,74700,69100,460707
2015-2-12,72000,73300,73700,71200,290665
2015-2-13,71200,72500,72600,70000,174236
2015-2-16,71600,71800,73100,71000,141665
2015-2-17,72800,71500,73000,70500,149088
2015-2-23,72500,73200,73400,71900,106140
2015-2-24,71100,72200,73000,70700,189936
2015-2-25,69800,71300,71300,69200,307164
2015-2-26,69500,70100,70200,69000,144403
2015-2-27,71200,69700,71600,69500,308743
2015-3-2,70200,71400,71900,69900,226335
2015-3-3,70600,70400,71000,69900,178381
2015-3-4,71900,70500,72700,70200,285888
2015-3-5,71600,71600,73000,71400,260014
2015-3-6,70500,71900,72200,70300,280965
2015-3-9,70100,69700,70900,69200,273375
2015-3-10,69700,70300,71200,69500,248779
2015-3-11,67200,69100,69500,66800,380189
2015-3-12,67100,67200,68000,66600,242153
2015-3-13,68300,67700,69600,67600,253299
2015-3-16,69700,68400,70400,68400,357731
2015-3-17,70100,69400,70600,68900,289808
2015-3-18,73700,71400,75200,70800,1003435
2015-3-19,75000,73800,75200,71300,541782
2015-3-20,73800,75000,75500,72800,340609
2015-3-23,72000,73400,74400,72000,250025
2015-3-24,74100,72000,74500,72000,295654
2015-3-25,73700,74300,74600,73100,195374
2015-3-26,71300,73000,73700,70900,272070
2015-3-27,69100,71500,71700,68900,341341
2015-3-30,71600,69200,71600,68500,259211
2015-3-31,71400,71600,72200,70600,139931
2015-4-1,70200,71000,71400,69500,216013
2015-4-2,76100,70200,79100,69500,596632
2015-4-3,76000,75700,78500,75000,481178
2015-4-6,74400,75700,75900,73400,238026
2015-4-7,74400,74000,75500,72900,390360
2015-4-8,75800,73900,77500,73700,444792
2015-4-9,74600,76600,76600,74600,217639
2015-4-10,71800,74400,74600,71600,581486
2015-4-13,70700,72000,72400,70200,419572
2015-4-14,70100,70500,71800,69700,512108
2015-4-15,70100,70200,70900,69800,349160
2015-4-16,69300,70300,70700,69100,420668
2015-4-17,70000,70000,71500,69500,488890
2015-4-20,69800,69700,70800,69500,322112
2015-4-21,69600,70200,70400,69100,457807
2015-4-22,67600,69700,69800,65200,784080
2015-4-23,66100,68000,68600,65600,548428
2015-4-24,65400,66100,66800,65000,320527
2015-4-27,66600,65600,67200,65500,261147
2015-4-28,67200,66400,67400,66300,199294
2015-4-29,65100,67100,67300,65100,312152
2015-4-30,63300,65300,65400,62500,492030
2015-5-4,64500,63200,64800,62700,187664
2015-5-6,63300,64500,64900,63200,154084
2015-5-7,65200,63000,66300,63000,294757
2015-5-8,62000,63400,65600,62000,643752
2015-5-11,56400,60000,60400,55800,1881037
2015-5-12,56700,55700,57400,55600,648797
2015-5-13,55800,56900,57200,55800,471212
2015-5-14,56100,55500,57800,55500,455177
2015-5-15,55400,56400,56700,55200,392950
2015-5-18,51600,55400,55800,51500,890975
2015-5-19,54500,52200,55000,51900,775894
2015-5-20,58300,55700,59700,55600,937317
2015-5-21,58100,58300,58600,57100,337660
2015-5-22,55800,58600,58600,55500,422653
2015-5-26,56500,56500,57700,56000,311557
2015-5-27,57600,56200,57900,55500,338787
2015-5-28,56100,58200,58600,55900,347926
2015-5-29,55900,56000,57300,55800,199422
2015-6-1,56800,55500,57800,53700,282390
2015-6-2,54800,56800,57600,54600,274505
2015-6-3,54200,54300,55800,53600,204744
2015-6-4,53300,54200,55100,53100,208870
2015-6-5,53000,52700,54000,52600,204971
2015-6-8,56800,53000,57500,53000,355769
2015-6-9,56500,56400,57100,55600,186597
2015-6-10,56300,57100,57200,55600,251461
2015-6-11,57100,57400,58800,56600,367445
2015-6-12,57000,57600,59100,56100,299689
2015-6-15,54300,56700,57200,53900,264252
2015-6-16,53400,53300,54400,52500,214997
2015-6-17,53900,53900,55500,53500,190936
2015-6-18,54300,53700,55100,53600,177618
2015-6-19,57700,55000,59000,54300,429104
2015-6-22,57600,58200,59400,57100,203161
2015-6-23,58300,58200,59900,57500,330917
2015-6-24,58000,58600,58800,56800,302235
2015-6-25,57100,57500,58700,57000,228441
2015-6-26,57000,57100,58400,56500,187028
2015-6-29,58400,56000,60300,55600,508484
2015-6-30,59600,58400,60400,57000,441353
2015-7-1,64000,60300,64300,60000,1013111
2015-7-2,64600,65300,66000,63700,606455
2015-7-3,63800,65200,65300,62800,364008
2015-7-6,61800,62300,62600,61000,336362
2015-7-7,64000,62500,64800,60600,592897
2015-7-8,63200,64700,66500,62700,520806
2015-7-9,62200,62100,62400,59800,360165
2015-7-10,61400,61400,62200,60600,277762
2015-7-13,63100,62200,63900,62200,299759
2015-7-14,61700,63300,64000,61600,289217
2015-7-15,62300,61100,63200,60800,274332
2015-7-16,62900,62800,63800,62300,273293
2015-7-17,66500,65000,67500,64000,1174868
2015-7-20,66400,67500,68100,65600,476298
2015-7-21,63800,67000,67200,63800,425050
2015-7-22,63700,63200,65600,63000,281179
2015-7-23,63500,64300,64600,62600,187478
2015-7-24,60400,63400,63400,59900,510371
2015-7-27,59300,60000,61200,58300,239909
2015-7-28,57400,58000,59100,56400,397726
2015-7-29,56500,57900,58500,56500,222660
2015-7-30,56300,56600,58500,56200,249385
2015-7-31,56800,56200,57500,54700,212259
2015-8-3,56800,57000,58300,56700,182975
2015-8-4,54900,56100,56700,54600,264837
2015-8-5,57000,54900,57300,54200,326657
2015-8-6,57600,56500,58700,56500,361433
2015-8-7,57500,56100,57600,55200,451113
2015-8-10,56500,57200,57900,56500,152110
2015-8-11,54300,57000,57600,54300,264757
2015-8-12,57000,54000,57500,52800,411322
2015-8-13,57400,56100,58800,56100,294444
2015-8-17,56800,57000,58300,56500,104911
2015-8-18,54600,56700,57700,54300,240706
2015-8-19,53000,53500,54500,51900,298793
2015-8-20,52800,52600,54600,52500,207289
2015-8-21,51400,50000,52600,50000,368106
2015-8-24,50000,51100,52400,49150,232894
2015-8-25,51500,50300,53200,49850,274208
2015-8-26,52100,51600,52700,51100,190251
2015-8-27,54000,52800,54300,52100,209920
2015-8-28,55400,54700,55900,54200,184083
2015-8-31,56900,55800,57200,55000,130457
2015-9-1,54300,56800,57000,54300,126475
2015-9-2,54000,53300,54300,52600,136900
2015-9-3,56000,55200,56700,54400,232109
2015-9-4,55900,56600,57600,55200,178841
2015-9-7,55900,56400,57100,55300,145219
2015-9-8,55000,55900,56600,53600,174026
2015-9-9,57300,56100,57300,55700,187163
2015-9-10,60100,56800,60600,56700,488572
2015-9-11,63600,60600,64300,60000,902514
2015-9-14,63900,64300,64500,62500,380048
2015-9-15,65000,64000,65500,62900,289912
2015-9-16,64600,65500,65700,64300,312389
2015-9-17,62900,65300,65800,61900,423857
2015-9-18,64200,63200,64900,62300,294048
2015-9-21,64700,64900,67000,64500,494431
2015-9-22,65600,65600,66600,64700,285688
2015-9-23,63400,64900,65300,63200,207338
2015-9-24,62500,64600,65000,61800,252681
2015-9-25,62500,62500,63300,61700,141991
2015-9-30,64500,62000,64900,61100,323215
2015-10-1,63900,64200,65600,63600,196199
2015-10-2,62800,64200,64500,62000,207160
2015-10-5,62000,63000,63800,62000,162394
2015-10-6,63900,62500,63900,61900,221867
2015-10-7,63700,64300,64300,62900,159765
2015-10-8,63700,63800,64300,63100,171671
2015-10-12,59300,63700,63700,59300,499172
2015-10-13,59800,59300,61200,59100,366906
2015-10-14,58300,59600,60000,57400,326751
2015-10-15,58300,57800,58900,57200,191643
2015-10-16,57300,58300,59200,57300,198400
2015-10-19,58000,57800,58700,57600,110707
2015-10-20,57200,57900,58300,56800,112648
2015-10-21,55800,57200,57700,55500,233082
2015-10-22,53800,56000,56200,53800,268260
2015-10-23,56100,54400,56100,53700,205195
2015-10-26,56100,56500,57000,56000,138752
2015-10-27,53900,56100,56200,53000,389901
2015-10-28,54600,54000,55300,53300,293415
2015-10-29,57000,55600,57700,55100,374050
2015-10-30,55600,56500,56800,55400,134963
2015-11-2,54700,55200,56000,54200,110324
2015-11-3,56100,55000,56200,54500,136089
2015-11-4,58200,56300,58200,55400,283257
2015-11-5,58400,57800,58900,57500,170164
2015-11-6,58400,57900,59100,57300,156337
2015-11-9,56200,58200,58600,56000,135315
2015-11-10,53800,55400,55900,53500,194240
2015-11-11,53700,53800,54800,53400,151880
2015-11-12,54300,54600,54800,53700,119925
2015-11-13,54000,53500,54400,52200,182940
2015-11-16,53400,53000,54100,52400,84968
2015-11-17,53400,53700,54300,52900,127489
2015-11-18,53100,53400,54100,52700,95976
2015-11-19,53600,53500,54000,52600,154525
2015-11-20,54000,53600,54100,52600,169944
2015-11-23,56800,54100,57300,54100,273007
2015-11-24,56700,57300,57800,56200,124763
2015-11-25,57700,56800,57900,56200,185974
2015-11-26,58400,57700,58500,57100,139766
2015-11-27,58700,58500,59500,58300,170049
2015-11-30,57800,56900,58900,56000,165306
2015-12-1,59900,57900,60300,57900,204494
2015-12-2,59500,60300,60600,58500,169502
2015-12-3,58900,59100,60000,58600,99632
2015-12-4,57500,58500,59200,57100,117171
2015-12-7,58700,57700,59200,57000,144479
2015-12-8,59300,58600,59800,58400,144672
2015-12-9,58100,59300,59300,57700,113742
2015-12-10,57400,57600,58300,56400,88569
2015-12-11,57500,57400,58000,57300,79303
2015-12-14,54800,56700,56900,54400,223209
2015-12-15,55400,54500,55600,54300,62160
2015-12-16,55700,55400,56000,55400,66782
2015-12-17,55300,56100,56200,55300,118774
2015-12-18,56100,55300,56800,55000,80262
2015-12-21,55300,55800,56300,54500,134782
2015-12-22,55000,54800,55300,54700,63774
2015-12-23,54300,55000,55200,54300,102257
2015-12-24,54400,54400,54900,54400,50528
2015-12-28,54000,54400,54800,53500,104123
2015-12-29,55000,54200,55100,54100,108955
2015-12-30,56900,55300,57500,55000,165354
2016-1-4,56400,57100,57300,56100,82892
2016-1-5,57000,56000,57400,55200,132490
2016-1-6,55000,57000,57200,54600,213452
2016-1-7,53100,54600,55300,52600,155953
2016-1-8,52100,52400,52800,51500,215433
2016-1-11,52000,51700,53200,51500,164345
2016-1-12,53600,52100,53800,52100,114650
2016-1-13,53400,54000,54100,53000,87699
2016-1-14,52600,52700,53200,51700,121868
2016-1-15,51300,53000,53200,51300,128433
2016-1-18,50300,50000,50800,49950,113753
2016-1-19,49250,49500,50500,49000,180380
2016-1-20,47400,49500,49850,46500,312707
2016-1-21,46400,47100,48000,46350,199776
2016-1-22,47350,46450,47900,46400,164257
2016-1-25,47950,47750,48300,47100,103744
2016-1-26,48650,47850,49550,47150,104922
2016-1-27,47700,48850,49400,47600,159776
2016-1-28,47850,47600,48200,47550,81215
2016-1-29,47800,48250,48300,47200,73268
2016-2-1,49100,48400,49100,47900,98742
2016-2-2,48400,49150,49150,48250,87718
2016-2-3,47050,48150,48150,47050,101442
2016-2-4,47200,47300,47450,47000,99948
2016-2-5,48250,47350,48450,47000,109427
2016-2-11,47000,47200,47700,46950,99588
2016-2-12,45200,46400,46700,44400,212414
2016-2-15,48200,45200,48200,45000,202282
2016-2-16,49500,48200,49950,47750,206085
2016-2-17,50800,51000,51800,49800,311759
2016-2-18,49700,50700,51100,49450,227648
2016-2-19,51300,49950,51400,49700,151377
2016-2-22,50700,51300,51700,50600,95456
2016-2-23,52000,50900,52400,50600,140252
2016-2-24,51000,51600,52000,51000,64970
2016-2-25,54000,52300,54200,52000,251923
2016-2-26,53000,54000,54100,52800,101065
2016-2-29,54500,54000,55000,53500,154880
2016-3-2,55800,54500,56400,54300,230597
2016-3-3,56100,55200,56400,54800,93378
2016-3-4,56600,56300,57000,55200,112295
2016-3-7,57100,56500,57100,55900,92773
2016-3-8,56500,57000,57100,56000,98760
2016-3-9,57000,58500,58800,56400,180110
2016-3-10,57500,56500,57800,56200,139646
2016-3-11,57500,57600,57600,56800,81713
2016-3-14,55200,57000,57600,55200,162660
2016-3-15,55700,55200,56100,55200,57755
2016-3-16,55400,55300,55800,54400,83436
2016-3-17,55400,55800,55800,54700,56762
2016-3-18,54900,55800,55800,54400,78976
2016-3-21,54900,54800,56000,54000,101743
2016-3-22,55400,54900,55700,54800,51785
2016-3-23,55300,55200,55800,54900,72105
2016-3-24,54700,55300,55300,54400,49274
2016-3-25,54500,54500,55100,54200,47027
2016-3-28,53400,55200,56100,53200,116617
2016-3-29,53800,53700,54400,53200,87642
2016-3-30,54400,54100,54900,53600,57656
2016-3-31,55000,54200,55000,54100,64091
2016-4-1,54800,55000,55300,54400,81104
2016-4-4,54800,54900,55200,54500,46546
2016-4-5,55600,54800,55900,54600,72485
2016-4-6,56300,55700,56500,55600,97900
2016-4-7,57400,56300,57500,56000,124042
2016-4-8,57500,57300,57500,56700,65619
2016-4-11,57000,57800,57900,56400,58566
2016-4-12,55800,56800,56900,55500,88380
2016-4-14,55200,56000,56400,54900,222800
2016-4-15,56700,55200,56900,54600,70011
2016-4-18,56900,56700,57400,56300,63314
2016-4-19,58700,57000,59200,56700,193708
2016-4-20,58800,59100,59100,58100,95305
2016-4-21,59000,58900,59000,58300,58450
2016-4-22,58200,58900,59000,57700,77867
2016-4-25,58900,58100,59400,57500,119453
2016-4-26,58800,59300,59300,58500,52035
2016-4-27,59500,58300,59700,58100,85230
2016-4-28,60400,59500,60800,59100,233300
2016-4-29,60500,60200,60600,59500,84962
2016-5-2,58900,60500,60500,58900,73679
2016-5-3,59700,58900,59700,58600,60551
2016-5-4,60900,59500,61100,59000,161750
2016-5-9,60500,60900,60900,59400,86532
2016-5-10,60700,60000,61000,60000,74897
2016-5-11,60700,61000,61000,60400,41613
2016-5-12,61300,60600,61700,59500,131893
2016-5-13,60900,62000,62400,60900,184551
2016-5-16,61300,61600,62400,60100,209147
2016-5-17,61200,61300,61800,60600,63510
2016-5-18,63000,61400,63200,61100,287769
2016-5-19,63000,63000,63300,62100,99844
2016-5-20,62400,63000,63000,61900,72128
2016-5-23,61600,62400,62700,61500,117248
2016-5-24,61500,61400,62300,61400,87483
2016-5-25,61200,62100,62300,60400,150699
2016-5-26,61200,61200,61700,60400,100082
2016-5-27,59500,60800,60800,59500,137585
2016-5-30,59900,59300,60000,59200,87038
2016-5-31,62100,59900,62300,59600,163664
2016-6-1,63100,61800,63400,61000,124434
2016-6-2,63000,63000,63400,62600,50102
2016-6-3,62500,62800,63200,62000,46154
2016-6-7,62000,62500,62500,61100,72792
2016-6-8,62200,61600,62200,61200,67698
2016-6-9,61800,62000,62200,60000,76956
2016-6-10,64700,61200,65200,61200,287671
2016-6-13,62900,64700,64700,62900,147916
2016-6-14,65200,62600,65700,62500,234332
2016-6-15,64100,65300,65300,64000,72872
2016-6-16,63700,64900,65500,62900,114341
2016-6-17,63500,64300,64800,63500,101005
2016-6-20,64500,63800,64700,63700,83909
2016-6-21,64700,64500,64900,63600,69786
2016-6-22,65000,64500,65300,64300,53014
2016-6-23,64700,64600,64900,64000,45380
2016-6-24,61900,65100,65100,59700,239429
2016-6-27,62400,59700,63100,59700,168741
2016-6-28,62300,61900,62600,61600,123774
2016-6-29,64000,63000,64000,62500,126717
2016-6-30,64500,64100,65400,64000,146788
2016-7-1,65800,64500,66100,64400,180211
2016-7-4,65300,65500,65900,64800,78381
2016-7-5,66400,65700,66500,65600,111269
2016-7-6,66100,66100,66500,65600,97250
2016-7-7,66900,66600,67100,65900,90529
2016-7-8,67000,66800,67000,65500,89913
2016-7-11,66600,67300,67300,66400,73562
2016-7-12,65400,66700,66700,65200,135660
2016-7-13,67200,65800,67500,65800,158039
2016-7-14,66900,66900,67100,66500,68495
2016-7-15,68800,67000,68800,66700,214453
2016-7-18,69000,69300,69400,67900,129919
2016-7-19,68400,69200,69200,68400,70417
2016-7-20,67600,68600,68600,67100,96548
2016-7-21,68200,68100,68600,67600,89928
2016-7-22,69200,67800,69300,67600,121533
2016-7-25,68000,69300,69500,67300,97153
2016-7-26,63400,67600,67600,63100,468935
2016-7-27,65500,63200,66300,62300,274019
2016-7-28,64900,66000,66300,64300,74905
2016-7-29,65900,64900,66300,64600,99090
2016-8-1,66600,65900,66900,65100,70984
2016-8-2,65200,66300,66800,63300,156625
2016-8-3,63600,64600,64800,63600,70743
2016-8-4,62900,64000,64400,62900,66002
2016-8-5,62500,63300,63400,61500,134360
2016-8-8,62500,62500,63000,61900,53466
2016-8-9,64800,62400,64800,62100,99655
2016-8-10,63200,64300,64600,62800,94728
2016-8-11,64100,63100,64700,62400,81517
2016-8-12,63000,64900,65000,62600,144869
2016-8-16,63500,62900,63500,62600,97133
2016-8-17,63200,62900,63600,62600,55464
2016-8-18,65500,63000,65600,62700,159649
2016-8-19,64100,65200,65300,63700,77631
2016-8-22,63900,63800,64100,62800,60047
2016-8-23,63600,63300,64300,63300,55507
2016-8-24,62700,63900,64000,62400,70498
2016-8-25,61700,62500,63400,61600,76484
2016-8-26,61600,61500,62300,61100,57279
2016-8-29,59800,61400,62000,59700,85415
2016-8-30,59100,59900,60800,58400,138691
2016-8-31,58600,58700,59400,58100,69119
2016-9-1,58800,59000,59700,57700,96829
2016-9-2,60200,58900,60800,58700,68832
2016-9-5,59600,59900,60400,59600,64355
2016-9-6,59600,59600,60100,59000,49371
2016-9-7,58700,59300,59700,58600,57890
2016-9-8,59100,58700,59200,57600,71768
2016-9-9,58900,59000,59800,58100,42057
2016-9-12,57500,58000,58500,57500,55993
2016-9-13,57400,57800,58300,57300,61169
2016-9-19,57400,57400,58200,57000,50943
2016-9-20,57400,57200,57600,55300,177712
2016-9-21,58000,57400,58100,56600,40785
2016-9-22,59100,58100,59200,57700,73225
2016-9-23,58700,58800,58900,58000,68418
2016-9-26,59700,58700,60200,58300,97724
2016-9-27,58900,59200,59700,58800,67943
2016-9-28,58600,59000,59500,58400,48347
2016-9-29,60400,58200,60800,58200,98192
2016-9-30,59700,60300,60500,59500,46841
2016-10-4,59300,60100,60200,59100,45633
2016-10-5,59300,59200,59800,58700,70234
2016-10-6,58300,59200,59200,57800,116104
2016-10-7,57500,58300,58500,57200,69820
2016-10-10,57500,57400,59000,57000,37104
2016-10-11,58000,57700,58500,57700,242610
2016-10-12,57900,57600,58900,57400,38970
2016-10-13,58300,58000,58500,57400,33923
2016-10-14,57900,57800,58700,57400,59073
2016-10-17,55100,57600,58300,55100,148878
2016-10-18,53600,55000,55100,53300,119494
2016-10-19,53100,54300,54300,53000,85059
2016-10-20,53500,53400,54500,53400,50947
2016-10-21,53300,53600,54000,52400,96034
2016-10-24,52900,53500,53800,52700,45048
2016-10-25,51900,53200,53500,51800,71873
2016-10-26,51100,51500,52100,50500,78519
2016-10-27,52900,50800,53100,50800,61210
2016-10-28,52200,52600,52900,51800,44363
2016-10-31,50200,52200,52200,50000,73873
2016-11-1,49800,49850,50500,49400,91553
2016-11-2,48400,49550,50100,48400,102238
2016-11-3,48750,48200,50500,48200,76437
2016-11-4,48550,48450,49000,48150,43497
2016-11-7,49900,48900,50000,48700,51824
2016-11-8,49350,49900,49950,49100,38042
2016-11-9,48650,49800,51700,48300,159483
2016-11-10,48700,49050,50500,48450,104621
2016-11-11,47600,49000,49050,46950,135821
2016-11-14,47350,47600,48000,46950,82714
2016-11-15,46350,47200,47600,46150,100474
2016-11-16,48200,46400,48200,46400,81968
2016-11-17,47850,48150,48200,47450,56656
2016-11-18,48000,48200,48200,47450,35151
2016-11-21,47550,48050,48400,47400,61561
2016-11-22,46600,47450,48300,45900,146753
2016-11-23,47050,46750,47700,46300,58821
2016-11-24,46900,46850,47500,46800,56397
2016-11-25,48150,46700,48250,46700,52865
2016-11-28,47450,48300,48300,47150,57499
2016-11-29,47000,47700,48000,46700,60252
2016-11-30,46750,47000,47500,46550,67541
2016-12-1,46100,47000,47000,46000,60086
2016-12-2,47400,46100,47400,45600,87906
2016-12-5,45800,47200,47200,45600,94105
2016-12-6,46150,45900,46250,45900,1329