datetime,close,high,low,open,volume
2017-09-21,167500.0,171500.0,167500.0,170500.0,76746.0
2017-09-20,171500.0,176000.0,170500.0,175000.0,95742.0
2017-09-19,175000.0,175500.0,172000.0,172500.0,95983.0
2017-09-18,172500.0,175000.0,172000.0,174500.0,86462.0
2017-09-15,174500.0,174500.0,170000.0,171500.0,79123.0
2017-09-14,173000.0,173000.0,169000.0,171000.0,115902.0
2017-09-13,172000.0,173500.0,168000.0,169000.0,85921.0
2017-09-12,169500.0,172500.0,168000.0,172000.0,83564.0
2017-09-11,171500.0,175000.0,170000.0,173000.0,92241.0
2017-09-08,171500.0,173000.0,164500.0,164500.0,137382.0
2017-09-07,165500.0,168000.0,160500.0,160500.0,94278.0
2017-09-06,160500.0,162000.0,159000.0,161000.0,76913.0
2017-09-05,161000.0,163000.0,160500.0,162500.0,59261.0
2017-09-04,161500.0,162500.0,160000.0,160500.0,95395.0
2017-09-01,164000.0,169000.0,163500.0,167500.0,91441.0
2017-08-31,167500.0,170500.0,167500.0,169500.0,59724.0
2017-08-30,169500.0,171500.0,168500.0,170000.0,46295.0
2017-08-29,170000.0,171500.0,166500.0,170000.0,54519.0
2017-08-28,170500.0,172000.0,164500.0,166500.0,99473.0
2017-08-25,166500.0,174500.0,164500.0,168000.0,177787.0
2017-08-24,168000.0,168000.0,165500.0,165500.0,80171.0
2017-08-23,165500.0,170500.0,164000.0,169000.0,131831.0
2017-08-22,168500.0,169000.0,167000.0,168000.0,84074.0
2017-08-21,166500.0,173000.0,166000.0,171500.0,120216.0
2017-08-18,172000.0,173500.0,171000.0,171000.0,45281.0
2017-08-17,173000.0,174500.0,172500.0,172500.0,45860.0
2017-08-16,174000.0,175500.0,171500.0,175000.0,64992.0
2017-08-14,174500.0,175000.0,172500.0,172500.0,41962.0
2017-08-11,172500.0,174000.0,171000.0,172000.0,86800.0
2017-08-10,176000.0,177500.0,171000.0,173000.0,98670.0
2017-08-09,175000.0,177000.0,173000.0,175500.0,74033.0
2017-08-08,178000.0,179500.0,177000.0,177000.0,46301.0
2017-08-07,177000.0,180000.0,177000.0,179500.0,49147.0
2017-08-04,178500.0,180000.0,176500.0,178000.0,49611.0
2017-08-03,177500.0,181000.0,175500.0,179000.0,119326.0
2017-08-02,180000.0,182000.0,177500.0,178000.0,113102.0
2017-08-01,177000.0,180000.0,175000.0,177500.0,95113.0
2017-07-31,179000.0,180000.0,177000.0,177000.0,75857.0
2017-07-28,177000.0,179500.0,176000.0,176000.0,147961.0
2017-07-27,178000.0,179000.0,174000.0,174500.0,172568.0
2017-07-26,173000.0,187000.0,172500.0,186500.0,521931.0
2017-07-25,190000.0,191000.0,188500.0,190500.0,73608.0
2017-07-24,190000.0,192000.0,188000.0,191500.0,79005.0
2017-07-21,190500.0,190500.0,186000.0,188500.0,103658.0
2017-07-20,188500.0,188500.0,184000.0,187000.0,99820.0
2017-07-19,186000.0,192000.0,183500.0,191000.0,201863.0
2017-07-18,191000.0,191000.0,187500.0,189500.0,94543.0
2017-07-17,190000.0,190000.0,183000.0,183000.0,215559.0
2017-07-14,182500.0,188500.0,181000.0,188500.0,134143.0
2017-07-13,188000.0,189000.0,183000.0,183500.0,199313.0
2017-07-12,182000.0,184500.0,181000.0,183500.0,101437.0
2017-07-11,185000.0,188500.0,183500.0,188500.0,113889.0
2017-07-10,188500.0,191500.0,187500.0,190500.0,106315.0
2017-07-07,188500.0,189500.0,183500.0,185500.0,128285.0
2017-07-06,186500.0,188500.0,185000.0,186500.0,112938.0
2017-07-05,187500.0,188000.0,183000.0,183500.0,123755.0
2017-07-04,183500.0,188000.0,179000.0,179000.0,211273.0
2017-07-03,180000.0,185000.0,178500.0,184500.0,154796.0
2017-06-30,184500.0,186500.0,183000.0,185500.0,169026.0
2017-06-29,189000.0,191000.0,185000.0,189000.0,169835.0
2017-06-28,187000.0,188000.0,181000.0,181500.0,230512.0
2017-06-27,184000.0,188000.0,182000.0,183500.0,237619.0
2017-06-26,184000.0,185500.0,172500.0,175000.0,500035.0
2017-06-23,174000.0,175500.0,169500.0,170000.0,286336.0
2017-06-22,168000.0,169000.0,160500.0,160500.0,213951.0
2017-06-21,161000.0,162000.0,155000.0,158000.0,146182.0
2017-06-20,160500.0,168000.0,160500.0,167500.0,141368.0
2017-06-19,166000.0,166000.0,159000.0,160000.0,130514.0
2017-06-16,160000.0,164500.0,158500.0,163000.0,171694.0
2017-06-15,163000.0,166500.0,162000.0,164500.0,160471.0
2017-06-14,165000.0,172000.0,164000.0,169000.0,175716.0
2017-06-13,169000.0,169500.0,166000.0,166000.0,104405.0
2017-06-12,166500.0,171000.0,166500.0,170000.0,152538.0
2017-06-09,173500.0,174000.0,171500.0,173500.0,133478.0
2017-06-08,173500.0,173500.0,168000.0,171500.0,259311.0
2017-06-07,170500.0,172000.0,168000.0,169500.0,136411.0
2017-06-05,170500.0,171000.0,166500.0,167500.0,167966.0
2017-06-02,167500.0,167500.0,164500.0,165500.0,152825.0
2017-06-01,164000.0,164000.0,160500.0,160500.0,112013.0
2017-05-31,163000.0,164500.0,159000.0,162000.0,173958.0
2017-05-30,162500.0,168000.0,160500.0,166500.0,206983.0
2017-05-29,167000.0,168000.0,161500.0,162000.0,239835.0
2017-05-26,161500.0,162500.0,159000.0,160500.0,121580.0
2017-05-25,161000.0,162000.0,158000.0,160500.0,146212.0
2017-05-24,159000.0,161500.0,155000.0,156000.0,184061.0
2017-05-23,154000.0,156000.0,154000.0,155000.0,119265.0
2017-05-22,155000.0,158000.0,154000.0,158000.0,158068.0
2017-05-19,155500.0,156000.0,147500.0,148000.0,303009.0
2017-05-18,148000.0,150000.0,145500.0,146000.0,154588.0
2017-05-17,148000.0,148000.0,145000.0,145000.0,104131.0
2017-05-16,145000.0,148500.0,144500.0,147000.0,90889.0
2017-05-15,146000.0,147500.0,145000.0,146000.0,62328.0
2017-05-12,147500.0,147500.0,146000.0,147000.0,77244.0
2017-05-11,147500.0,147500.0,145500.0,146500.0,144230.0
2017-05-10,145000.0,150000.0,143000.0,147500.0,232751.0
2017-05-08,146000.0,146000.0,142500.0,143000.0,167947.0
2017-05-04,142000.0,142000.0,139500.0,139500.0,78145.0
2017-05-02,139500.0,140000.0,137000.0,137500.0,104982.0
2017-04-28,137500.0,140000.0,137000.0,137000.0,190568.0
2017-04-27,137000.0,145000.0,135500.0,145000.0,498807.0
2017-04-26,146500.0,149000.0,146000.0,147500.0,156555.0
2017-04-25,147000.0,147500.0,144500.0,145500.0,124273.0
2017-04-24,146000.0,147000.0,143500.0,146500.0,97961.0
2017-04-21,146000.0,146500.0,144500.0,145000.0,167419.0
2017-04-20,143500.0,145000.0,139000.0,140000.0,249758.0
2017-04-19,139000.0,140500.0,138500.0,139000.0,86684.0
2017-04-18,138000.0,141500.0,136000.0,136500.0,228991.0
2017-04-17,136000.0,136000.0,134000.0,136000.0,36320.0
2017-04-14,135000.0,137500.0,134000.0,137000.0,58847.0
2017-04-13,137500.0,137500.0,134000.0,134500.0,80189.0
2017-04-12,135000.0,136000.0,134000.0,135500.0,36683.0
2017-04-11,136000.0,136000.0,134000.0,135000.0,58262.0
2017-04-10,136000.0,136500.0,134000.0,136500.0,54600.0
2017-04-07,137500.0,137500.0,135000.0,135000.0,63814.0
2017-04-06,135500.0,137000.0,134500.0,137000.0,59068.0
2017-04-05,137500.0,138000.0,135500.0,137500.0,75391.0
2017-04-04,137500.0,138000.0,135000.0,136000.0,80790.0
2017-04-03,136000.0,137000.0,134500.0,134500.0,90867.0
2017-03-31,133500.0,134500.0,132500.0,133500.0,64692.0
2017-03-30,134000.0,135000.0,131500.0,132500.0,114667.0
2017-03-29,132500.0,135500.0,130000.0,135000.0,236674.0
2017-03-28,135000.0,137500.0,134000.0,136000.0,142037.0
2017-03-27,135000.0,136500.0,132500.0,134500.0,138076.0
2017-03-24,135000.0,143500.0,135000.0,141500.0,486742.0
2017-03-23,147500.0,148500.0,145500.0,146000.0,141046.0
2017-03-22,145000.0,147500.0,143500.0,147500.0,148297.0
2017-03-21,147500.0,149000.0,144500.0,146000.0,220299.0
2017-03-20,145000.0,146500.0,139500.0,139500.0,266886.0
2017-03-17,139500.0,140000.0,138000.0,139500.0,123215.0
2017-03-16,139500.0,140000.0,135000.0,139500.0,193031.0
2017-03-15,137500.0,140500.0,134000.0,134000.0,356208.0
2017-03-14,134000.0,135000.0,126000.0,128000.0,359686.0
2017-03-13,127500.0,128000.0,126500.0,126500.0,78855.0
2017-03-10,126500.0,128000.0,126000.0,127000.0,74905.0
2017-03-09,126500.0,129000.0,126000.0,128000.0,110267.0
2017-03-08,128500.0,129000.0,126500.0,126500.0,64470.0
2017-03-07,127000.0,128000.0,126000.0,127500.0,63978.0
2017-03-06,126500.0,127500.0,126000.0,127000.0,86706.0
2017-03-03,127500.0,130500.0,127500.0,129500.0,74002.0
2017-03-02,130500.0,131000.0,129000.0,130000.0,92546.0
2017-02-28,130000.0,133000.0,129000.0,131500.0,125175.0
2017-02-27,132500.0,134500.0,132000.0,133500.0,79691.0
2017-02-24,133500.0,134500.0,131500.0,132000.0,119423.0
2017-02-23,131000.0,131500.0,129000.0,131000.0,69706.0
2017-02-22,130500.0,132000.0,128500.0,129000.0,116067.0
2017-02-21,128500.0,128500.0,126500.0,126500.0,63982.0
2017-02-20,126500.0,128500.0,126000.0,128000.0,88080.0
2017-02-17,128000.0,129000.0,126500.0,127500.0,102143.0
2017-02-16,129000.0,132000.0,127500.0,128000.0,168676.0
2017-02-15,127500.0,128500.0,127000.0,127500.0,83814.0
2017-02-14,127500.0,128000.0,126000.0,127500.0,85687.0
2017-02-13,127500.0,128000.0,126000.0,128000.0,79789.0
2017-02-10,128000.0,128500.0,126500.0,127000.0,76147.0
2017-02-09,126500.0,128000.0,126000.0,127500.0,94136.0
2017-02-08,127500.0,129500.0,127500.0,129500.0,57929.0
2017-02-07,129000.0,129000.0,127000.0,128500.0,72448.0
2017-02-06,128500.0,130500.0,128000.0,130500.0,53610.0
2017-02-03,129000.0,131000.0,128000.0,128500.0,85091.0
2017-02-02,128500.0,129500.0,126500.0,127500.0,97514.0
2017-02-01,127500.0,128000.0,126500.0,126500.0,60835.0
2017-01-31,126000.0,128000.0,126000.0,127000.0,68576.0
2017-01-26,126500.0,127500.0,125500.0,127000.0,99697.0
2017-01-25,126500.0,129500.0,126500.0,128000.0,94257.0
2017-01-24,128000.0,132000.0,127000.0,131500.0,133747.0
2017-01-23,132000.0,134000.0,132000.0,133500.0,78369.0
2017-01-20,133500.0,135500.0,133000.0,134000.0,45896.0
2017-01-19,135000.0,139500.0,134000.0,137500.0,104149.0
2017-01-18,134000.0,136500.0,131500.0,135500.0,86651.0
2017-01-17,136000.0,138500.0,136000.0,136500.0,71016.0
2017-01-16,137000.0,141000.0,137000.0,138000.0,120848.0
2017-01-13,137500.0,139000.0,136500.0,137500.0,82618.0
2017-01-12,138000.0,141000.0,136000.0,140500.0,204516.0
2017-01-11,140500.0,143000.0,139500.0,140000.0,107590.0
2017-01-10,140500.0,144000.0,140500.0,142500.0,80143.0
2017-01-09,143500.0,145000.0,142500.0,143000.0,86773.0
2017-01-06,142500.0,147500.0,142500.0,144500.0,122990.0
2017-01-05,144000.0,149500.0,144000.0,149000.0,117941.0
2017-01-04,147500.0,149000.0,141000.0,141000.0,212314.0
2017-01-03,142000.0,143000.0,137500.0,139500.0,121530.0
2017-01-02,138500.0,142000.0,138000.0,141000.0,47648.0
2016-12-29,139500.0,143000.0,138500.0,139000.0,119034.0
2016-12-28,137500.0,139000.0,136000.0,136000.0,58158.0
2016-12-27,138000.0,139500.0,136500.0,137000.0,64825.0
2016-12-26,137000.0,138500.0,135500.0,138000.0,59914.0
2016-12-23,138000.0,140000.0,136500.0,137000.0,50467.0
2016-12-22,137000.0,142000.0,137000.0,139500.0,104029.0
2016-12-21,139500.0,141500.0,132500.0,132500.0,227943.0
2016-12-20,132000.0,133500.0,131000.0,131500.0,53548.0
2016-12-19,132500.0,133500.0,131000.0,132500.0,55102.0
2016-12-16,133500.0,135000.0,133000.0,133500.0,59912.0
2016-12-15,134000.0,136000.0,131500.0,132500.0,56418.0
2016-12-14,133500.0,135000.0,132500.0,134000.0,68199.0
2016-12-13,133500.0,134500.0,131500.0,133000.0,108297.0
2016-12-12,131000.0,133000.0,129000.0,130500.0,84045.0
2016-12-09,128500.0,129000.0,125000.0,127500.0,85292.0
2016-12-08,129000.0,129500.0,127000.0,129000.0,138544.0
2016-12-07,127000.0,130000.0,126000.0,127000.0,122819.0
2016-12-06,127500.0,128000.0,125000.0,125500.0,120059.0
2016-12-05,125000.0,128000.0,123500.0,127000.0,225634.0
2016-12-02,129000.0,134000.0,128000.0,132500.0,180588.0
2016-12-01,133000.0,136000.0,133000.0,135500.0,81365.0
2016-11-30,135000.0,138000.0,134000.0,138000.0,159419.0
2016-11-29,136000.0,141000.0,135000.0,141000.0,180451.0
2016-11-28,141000.0,143000.0,139500.0,140000.0,96718.0
2016-11-25,138000.0,140000.0,135500.0,136000.0,69006.0
2016-11-24,136500.0,142500.0,136000.0,142000.0,159533.0
2016-11-23,142500.0,147000.0,142000.0,147000.0,68142.0
2016-11-22,146500.0,148500.0,144000.0,144000.0,51404.0
2016-11-21,144500.0,146500.0,142000.0,146000.0,80286.0
2016-11-18,145500.0,148500.0,144500.0,148000.0,58019.0
2016-11-17,148000.0,149000.0,146000.0,147500.0,57432.0
2016-11-16,148500.0,150000.0,146000.0,146500.0,88753.0
2016-11-15,144500.0,147000.0,144000.0,146000.0,52925.0
2016-11-14,144000.0,145500.0,141500.0,144000.0,71078.0
2016-11-11,144000.0,149500.0,144000.0,149500.0,103726.0
2016-11-10,148500.0,150000.0,146500.0,147500.0,100302.0
2016-11-09,145500.0,152000.0,142000.0,151000.0,155590.0
2016-11-08,150500.0,151500.0,149000.0,151000.0,48520.0
2016-11-07,150000.0,152000.0,148500.0,148500.0,64052.0
2016-11-04,148000.0,150500.0,146500.0,150500.0,97899.0
2016-11-03,151500.0,151500.0,146500.0,146500.0,95849.0
2016-11-02,147500.0,150000.0,146500.0,147000.0,87177.0
2016-11-01,148500.0,155500.0,148000.0,153000.0,142100.0
2016-10-31,154500.0,159000.0,153500.0,158500.0,93178.0
2016-10-28,159000.0,162500.0,159000.0,161000.0,67384.0
2016-10-27,160000.0,164500.0,160000.0,164000.0,110055.0
2016-10-26,165000.0,167000.0,162500.0,167000.0,112304.0
2016-10-25,167000.0,167500.0,164500.0,167000.0,97499.0
2016-10-24,166000.0,166000.0,162500.0,163000.0,91775.0
2016-10-21,163000.0,165500.0,162000.0,165500.0,79005.0
2016-10-20,164500.0,166500.0,160500.0,161000.0,189479.0
2016-10-19,160500.0,160500.0,158500.0,159000.0,69997.0
2016-10-18,160000.0,160500.0,157500.0,159000.0,72352.0
2016-10-17,160000.0,161500.0,158500.0,160000.0,70472.0
2016-10-14,160500.0,164000.0,160500.0,162500.0,62663.0
2016-10-13,162500.0,165000.0,160500.0,164000.0,103593.0
2016-10-12,162500.0,162500.0,158500.0,158500.0,105872.0
2016-10-11,158500.0,166500.0,158000.0,164500.0,141394.0
2016-10-10,163500.0,164500.0,159000.0,162000.0,132692.0
2016-10-07,160500.0,166000.0,159500.0,164500.0,132672.0
2016-10-06,162500.0,168000.0,162500.0,163000.0,299784.0
2016-10-05,162500.0,162500.0,150000.0,150000.0,232836.0
2016-10-04,151000.0,154500.0,150500.0,153500.0,78843.0
2016-09-30,154000.0,155500.0,151000.0,154500.0,193810.0
2016-09-29,157500.0,157500.0,145000.0,145000.0,274077.0
2016-09-28,144500.0,147000.0,144500.0,147000.0,73473.0
2016-09-27,146500.0,148000.0,144500.0,145000.0,72819.0
2016-09-26,146000.0,147000.0,145000.0,145000.0,50076.0
2016-09-23,145000.0,147000.0,144000.0,146500.0,78022.0
2016-09-22,144500.0,147500.0,144000.0,144500.0,106287.0
2016-09-21,143000.0,145500.0,142000.0,144500.0,117847.0
2016-09-20,144500.0,146500.0,143500.0,146000.0,107973.0
2016-09-19,147000.0,147000.0,143500.0,144500.0,68099.0
2016-09-13,144500.0,148500.0,144500.0,146500.0,125726.0
2016-09-12,144000.0,148000.0,143000.0,146500.0,134763.0
2016-09-09,149000.0,154000.0,148500.0,151000.0,117225.0
2016-09-08,151000.0,155000.0,150500.0,154500.0,132012.0
2016-09-07,153500.0,156000.0,152500.0,153500.0,64652.0
2016-09-06,154000.0,156500.0,153500.0,156000.0,102015.0
2016-09-05,156500.0,158000.0,154000.0,157500.0,102476.0
2016-09-02,157000.0,158000.0,155500.0,156000.0,67236.0
2016-09-01,156000.0,159000.0,155000.0,158500.0,98031.0
2016-08-31,160000.0,163000.0,158500.0,161500.0,86692.0
2016-08-30,161500.0,163000.0,159000.0,159500.0,73483.0
2016-08-29,158500.0,162500.0,158000.0,161000.0,81740.0
2016-08-26,161000.0,164000.0,161000.0,162000.0,82001.0
2016-08-25,162000.0,162500.0,159500.0,160500.0,80408.0
2016-08-24,160500.0,166000.0,159000.0,161000.0,148842.0
2016-08-23,162000.0,168000.0,160000.0,165500.0,167104.0
2016-08-22,165500.0,171500.0,165000.0,169500.0,124351.0
2016-08-19,169500.0,177500.0,169000.0,175000.0,171388.0
2016-08-18,174500.0,175500.0,163500.0,167500.0,264464.0
2016-08-17,168500.0,173000.0,166500.0,172000.0,142442.0
2016-08-16,172500.0,179500.0,171000.0,176000.0,137126.0
2016-08-12,176000.0,178000.0,173000.0,173000.0,116846.0
2016-08-11,172500.0,173500.0,170000.0,171500.0,83305.0
2016-08-10,174000.0,178000.0,173000.0,173000.0,146600.0
2016-08-09,173000.0,175500.0,171500.0,174000.0,116196.0
2016-08-08,173000.0,176500.0,167500.0,168000.0,282752.0
2016-08-05,167000.0,167500.0,164000.0,166000.0,128164.0
2016-08-04,166000.0,167000.0,159500.0,160000.0,197768.0
2016-08-03,159000.0,160000.0,156500.0,157500.0,95993.0
2016-08-02,158500.0,161500.0,156000.0,156000.0,187697.0
2016-08-01,156500.0,158500.0,155000.0,157500.0,96276.0
2016-07-29,157000.0,159500.0,154500.0,155000.0,194437.0
2016-07-28,154000.0,154500.0,152000.0,154000.0,59828.0
2016-07-27,154000.0,156000.0,153500.0,154500.0,67029.0
2016-07-26,155000.0,155000.0,151500.0,152000.0,79906.0
2016-07-25,152500.0,155000.0,152000.0,155000.0,77889.0
2016-07-22,154000.0,155000.0,147000.0,147500.0,167864.0
2016-07-21,149000.0,152000.0,148500.0,151000.0,69380.0
2016-07-20,150500.0,154500.0,150500.0,150500.0,107525.0
2016-07-19,151500.0,152500.0,149000.0,151500.0,103280.0
2016-07-18,151500.0,154000.0,147000.0,148000.0,205921.0
2016-07-15,149000.0,152000.0,147500.0,151500.0,150612.0
2016-07-14,149500.0,150000.0,142500.0,144000.0,237359.0
2016-07-13,143000.0,145000.0,142500.0,143000.0,93927.0
2016-07-12,143000.0,143500.0,141500.0,143500.0,76568.0
2016-07-11,143000.0,144500.0,141000.0,142500.0,124152.0
2016-07-08,140500.0,141500.0,138000.0,138500.0,175321.0
2016-07-07,137000.0,139500.0,137000.0,137500.0,108503.0
2016-07-06,136500.0,141500.0,135500.0,140000.0,150276.0
2016-07-05,140000.0,142000.0,137500.0,141500.0,201996.0
2016-07-04,142000.0,144000.0,141500.0,142000.0,112548.0
2016-07-01,143000.0,144500.0,142000.0,143500.0,107268.0
2016-06-30,143500.0,148500.0,139500.0,139500.0,426267.0
2016-06-29,138000.0,139500.0,137000.0,138500.0,177451.0
2016-06-28,137500.0,138000.0,134500.0,134500.0,203583.0
2016-06-27,135500.0,136500.0,132000.0,133500.0,288345.0
2016-06-24,138500.0,148500.0,137000.0,148500.0,435046.0
2016-06-23,147000.0,149500.0,147000.0,148000.0,107467.0
2016-06-22,147500.0,150500.0,146500.0,150500.0,145480.0
2016-06-21,150500.0,150500.0,147000.0,148500.0,220235.0
2016-06-20,152500.0,154000.0,150000.0,150500.0,129038.0
2016-06-17,149000.0,153000.0,147000.0,151000.0,217696.0
2016-06-16,152000.0,158000.0,151000.0,158000.0,231089.0
2016-06-15,158000.0,161000.0,156500.0,159500.0,281619.0
2016-06-14,155500.0,156000.0,150500.0,151000.0,278535.0
2016-06-13,151000.0,155000.0,150000.0,151500.0,341674.0
2016-06-10,149500.0,150500.0,145000.0,147000.0,384361.0
2016-06-09,146000.0,153500.0,145000.0,151500.0,528901.0
2016-06-08,152500.0,157000.0,150500.0,152500.0,487302.0
2016-06-07,150500.0,151500.0,142500.0,150000.0,863541.0
2016-06-03,149000.0,161500.0,142500.0,148000.0,1220701.0
2016-06-02,167000.0,172500.0,164000.0,172000.0,376442.0
2016-06-01,174000.0,182500.0,174000.0,181500.0,275313.0
2016-05-31,183000.0,185000.0,182000.0,182000.0,345463.0
2016-05-30,183500.0,184000.0,179500.0,181500.0,86940.0
2016-05-27,181500.0,183500.0,180500.0,182500.0,97301.0
2016-05-26,182500.0,184500.0,182000.0,184000.0,61487.0
2016-05-25,183000.0,185000.0,182000.0,183000.0,86038.0
2016-05-24,181500.0,184500.0,181500.0,183000.0,106089.0
2016-05-23,183500.0,184000.0,179000.0,182500.0,96556.0
2016-05-20,180500.0,181000.0,176500.0,178000.0,89183.0
2016-05-19,178500.0,183500.0,176000.0,183500.0,179291.0
2016-05-18,183000.0,183500.0,178500.0,179000.0,139093.0
2016-05-17,180000.0,182000.0,176500.0,180000.0,129548.0
2016-05-16,179500.0,179500.0,176000.0,178000.0,85427.0
2016-05-13,179000.0,180000.0,173000.0,173000.0,220201.0
2016-05-12,173000.0,174500.0,170000.0,171500.0,95578.0
2016-05-11,172000.0,176000.0,172000.0,175000.0,125008.0
2016-05-10,174000.0,174500.0,171000.0,171000.0,82039.0
2016-05-09,173000.0,175000.0,171500.0,173000.0,113606.0
2016-05-04,172500.0,174000.0,169500.0,170000.0,161646.0
2016-05-03,171000.0,172500.0,169000.0,169500.0,132733.0
2016-05-02,168000.0,172000.0,167000.0,171500.0,106847.0
2016-04-29,170500.0,170500.0,168000.0,170500.0,131655.0
2016-04-28,168000.0,170500.0,167000.0,167500.0,141104.0
2016-04-27,166000.0,172000.0,166000.0,170500.0,148926.0
2016-04-26,170000.0,172000.0,163500.0,163500.0,305618.0
2016-04-25,162500.0,164000.0,161500.0,162000.0,79679.0
2016-04-22,162500.0,164000.0,161500.0,162500.0,70471.0
2016-04-21,163500.0,165000.0,161500.0,164000.0,100294.0
2016-04-20,163500.0,167000.0,163000.0,167000.0,112888.0
2016-04-19,164500.0,166500.0,164000.0,164500.0,100014.0
2016-04-18,163500.0,167500.0,163000.0,166000.0,147644.0
2016-04-15,168500.0,169500.0,162500.0,163500.0,222684.0
2016-04-14,162500.0,165500.0,162500.0,164000.0,170358.0
2016-04-12,163500.0,164000.0,159500.0,159500.0,132545.0
2016-04-11,159500.0,164000.0,159000.0,162000.0,141865.0
2016-04-08,162000.0,163500.0,155000.0,155000.0,398429.0
2016-04-07,155500.0,159500.0,154000.0,158500.0,481298.0
2016-04-06,160000.0,164000.0,158000.0,162000.0,341731.0
2016-04-05,163000.0,171500.0,161000.0,170500.0,460881.0
2016-04-04,171500.0,176000.0,170000.0,175000.0,118877.0
2016-04-01,174000.0,177000.0,174000.0,177000.0,108303.0
2016-03-31,175000.0,180500.0,174000.0,179000.0,152624.0
2016-03-30,178500.0,180000.0,174500.0,174500.0,213729.0
2016-03-29,173000.0,173500.0,172000.0,172500.0,113980.0
2016-03-28,172500.0,174000.0,170000.0,171000.0,188882.0
2016-03-25,172500.0,186500.0,170000.0,185000.0,874279.0
2016-03-24,186000.0,189000.0,185500.0,187500.0,103991.0
2016-03-23,188000.0,191500.0,187500.0,191000.0,87189.0
2016-03-22,191500.0,191500.0,188000.0,188000.0,125261.0
2016-03-21,187500.0,190500.0,187000.0,189000.0,77090.0
2016-03-18,189000.0,189000.0,186500.0,187500.0,178523.0
2016-03-17,187000.0,189500.0,186500.0,187000.0,130469.0
2016-03-16,186500.0,193000.0,186500.0,192000.0,182061.0
2016-03-15,192000.0,194000.0,191000.0,193500.0,57000.0
2016-03-14,193500.0,194500.0,192500.0,194000.0,102746.0
2016-03-11,192000.0,192500.0,188000.0,188500.0,159307.0
2016-03-10,187500.0,192500.0,187500.0,189500.0,205456.0
2016-03-09,189000.0,191000.0,189000.0,189000.0,56162.0
2016-03-08,190000.0,193000.0,189000.0,192500.0,80359.0
2016-03-07,192500.0,194500.0,191500.0,194000.0,80600.0
2016-03-04,193500.0,195000.0,189000.0,189500.0,182706.0
2016-03-03,189500.0,189500.0,185000.0,185500.0,183602.0
2016-03-02,185000.0,189000.0,182500.0,187000.0,276462.0
2016-02-29,185500.0,189500.0,183500.0,187500.0,258898.0
2016-02-26,188500.0,199500.0,187000.0,198000.0,634371.0
2016-02-25,198000.0,200000.0,196000.0,199000.0,163220.0
2016-02-24,199500.0,202000.0,198500.0,201500.0,131830.0
2016-02-23,202000.0,204500.0,201000.0,202500.0,86419.0
2016-02-22,201000.0,205000.0,200000.0,205000.0,107192.0
2016-02-19,204500.0,206500.0,203500.0,203500.0,78322.0
2016-02-18,204500.0,207000.0,203500.0,206500.0,152008.0
2016-02-17,202500.0,206500.0,202000.0,203500.0,104266.0
2016-02-16,203500.0,203500.0,200500.0,201000.0,104358.0
2016-02-15,199000.0,201500.0,196500.0,201000.0,137271.0
2016-02-12,199000.0,203500.0,196500.0,200000.0,207226.0
2016-02-11,201500.0,206500.0,199000.0,204000.0,246318.0
2016-02-05,210500.0,212500.0,205500.0,205500.0,281582.0
2016-02-04,206500.0,207500.0,198500.0,203500.0,436874.0
2016-02-03,201000.0,212000.0,200000.0,211000.0,630712.0
2016-02-02,213500.0,224000.0,211500.0,222000.0,453679.0
2016-02-01,223000.0,227500.0,220000.0,226000.0,330335.0
2016-01-29,221500.0,231500.0,219500.0,230000.0,3036798.0
2016-01-28,261000.0,261000.0,252500.0,253500.0,80116.0
2016-01-27,255000.0,257500.0,250500.0,257500.0,75588.0
2016-01-26,253000.0,258000.0,250500.0,257000.0,75789.0
2016-01-25,260000.0,261500.0,257000.0,260500.0,64529.0
2016-01-22,259500.0,262000.0,253500.0,257000.0,116220.0
2016-01-21,249500.0,253000.0,247000.0,251000.0,64933.0
2016-01-20,247000.0,252500.0,246500.0,250000.0,61490.0
2016-01-19,251500.0,253000.0,250000.0,251000.0,44234.0
2016-01-18,252000.0,253500.0,243000.0,244500.0,67671.0
2016-01-15,248500.0,256500.0,245000.0,256500.0,76536.0
2016-01-14,253000.0,254000.0,241500.0,242000.0,84558.0
2016-01-13,244000.0,244000.0,242000.0,242500.0,55453.0
2016-01-12,242000.0,244500.0,241000.0,244500.0,59756.0
2016-01-11,242000.0,244500.0,241000.0,241500.0,53274.0
2016-01-08,245500.0,245500.0,240500.0,244000.0,91006.0
2016-01-07,244500.0,249500.0,244500.0,248000.0,88313.0
2016-01-06,250000.0,250000.0,246500.0,249000.0,79771.0
2016-01-05,249500.0,251500.0,248000.0,248000.0,63603.0
2016-01-04,250500.0,255500.0,250500.0,252000.0,61243.0
2015-12-30,254000.0,256500.0,251500.0,256000.0,78383.0
2015-12-29,256000.0,260000.0,247000.0,247000.0,108543.0
2015-12-28,245000.0,251000.0,245000.0,250000.0,160309.0
2015-12-24,252000.0,256000.0,252000.0,256000.0,79973.0
2015-12-23,255000.0,256500.0,251500.0,254500.0,81340.0
2015-12-22,254500.0,258000.0,252000.0,257500.0,90314.0
2015-12-21,256500.0,260000.0,256500.0,258000.0,59458.0
2015-12-18,257500.0,262500.0,257000.0,262000.0,70880.0
2015-12-17,262000.0,268000.0,261500.0,267500.0,37492.0
2015-12-16,265000.0,267000.0,263000.0,266000.0,72485.0
2015-12-15,262500.0,262500.0,258000.0,260000.0,53989.0
2015-12-14,260000.0,260000.0,251000.0,259000.0,88116.0
2015-12-11,262000.0,268000.0,260000.0,265500.0,41462.0
2015-12-10,265500.0,269500.0,263500.0,264000.0,70220.0
2015-12-09,264000.0,267000.0,262500.0,267000.0,36597.0
2015-12-08,266500.0,271500.0,265500.0,269500.0,51280.0
2015-12-07,269500.0,271000.0,267500.0,270000.0,59548.0
2015-12-04,267000.0,271000.0,265500.0,268000.0,60817.0
2015-12-03,270000.0,271500.0,263000.0,265000.0,104704.0
2015-12-02,265000.0,266500.0,263000.0,265000.0,44682.0
2015-12-01,265500.0,266000.0,257500.0,260000.0,64207.0
2015-11-30,261000.0,264000.0,256500.0,263500.0,136832.0
2015-11-27,264500.0,265000.0,262500.0,265000.0,45817.0
2015-11-26,262500.0,265000.0,258500.0,260000.0,52544.0
2015-11-25,260000.0,263500.0,258500.0,262500.0,53703.0
2015-11-24,264000.0,265000.0,260500.0,262000.0,53702.0
2015-11-23,262500.0,267500.0,259000.0,259000.0,102561.0
2015-11-20,258500.0,263000.0,253500.0,256000.0,78114.0
2015-11-19,256000.0,259500.0,251500.0,258000.0,69719.0
2015-11-18,255500.0,255500.0,242500.0,242500.0,111646.0
2015-11-17,242500.0,245500.0,242500.0,243500.0,100182.0
2015-11-16,242500.0,246000.0,239000.0,245500.0,103766.0
2015-11-13,247000.0,250500.0,247000.0,249500.0,50019.0
2015-11-12,251500.0,252000.0,249000.0,250000.0,54482.0
2015-11-11,249000.0,251500.0,248000.0,248500.0,59370.0
2015-11-10,250000.0,252000.0,248500.0,251500.0,79622.0
2015-11-09,252500.0,258500.0,251000.0,258500.0,89835.0
2015-11-06,258000.0,261000.0,253000.0,253500.0,90269.0
2015-11-05,254000.0,256500.0,250500.0,253000.0,86207.0
2015-11-04,253000.0,255000.0,250500.0,254500.0,182014.0
2015-11-03,255500.0,259000.0,255000.0,257500.0,128305.0
2015-11-02,255500.0,259500.0,254500.0,257500.0,157020.0
2015-10-30,256500.0,272500.0,256000.0,272000.0,389447.0
2015-10-29,275000.0,290000.0,274500.0,281500.0,162526.0
2015-10-28,281000.0,294500.0,278500.0,293500.0,99286.0
2015-10-27,293500.0,294500.0,288000.0,294000.0,45601.0
2015-10-26,294000.0,298500.0,292000.0,297000.0,42347.0
2015-10-23,298000.0,301000.0,297000.0,300000.0,70788.0
2015-10-22,299000.0,300000.0,295500.0,297500.0,72083.0
2015-10-21,297500.0,299500.0,296500.0,299000.0,41665.0
2015-10-20,299000.0,299500.0,291000.0,297000.0,71494.0
2015-10-19,297500.0,301500.0,295000.0,295000.0,93723.0
2015-10-16,295000.0,298000.0,294500.0,297500.0,42636.0
2015-10-15,295000.0,299000.0,286000.0,290000.0,95944.0
2015-10-14,290500.0,297500.0,290500.0,296500.0,40509.0
2015-10-13,297500.0,299000.0,294000.0,294000.0,117155.0
2015-10-12,294000.0,298500.0,293000.0,294000.0,81777.0
2015-10-08,294000.0,297000.0,290000.0,290500.0,138880.0
2015-10-07,291500.0,291500.0,278500.0,278500.0,149350.0
2015-10-06,282500.0,285000.0,280000.0,284000.0,41365.0
2015-10-05,281000.0,287000.0,280500.0,282500.0,44774.0
2015-10-02,281000.0,289500.0,280000.0,289500.0,71676.0
2015-10-01,288500.0,291000.0,286000.0,286000.0,84659.0
2015-09-30,288000.0,288000.0,270500.0,270500.0,119706.0
2015-09-25,276500.0,278000.0,275000.0,275500.0,51041.0
2015-09-24,276500.0,280000.0,276000.0,280000.0,46340.0
2015-09-23,277500.0,281000.0,276500.0,276500.0,54516.0
2015-09-22,279500.0,285000.0,278500.0,285000.0,51628.0
2015-09-21,285000.0,285500.0,277500.0,284000.0,55193.0
2015-09-18,285500.0,285500.0,277500.0,284000.0,81301.0
2015-09-17,284500.0,286500.0,282000.0,286000.0,66801.0
2015-09-16,284000.0,287000.0,280500.0,281000.0,70009.0
2015-09-15,281000.0,282500.0,275500.0,279000.0,72206.0
2015-09-14,279000.0,280000.0,271500.0,272500.0,118312.0
2015-09-11,269000.0,279500.0,265000.0,277000.0,81032.0
2015-09-10,281000.0,281000.0,273500.0,273500.0,103872.0
2015-09-09,274500.0,283500.0,269500.0,283500.0,127462.0
2015-09-08,278000.0,285500.0,275500.0,277000.0,189657.0
2015-09-07,272500.0,274000.0,259000.0,259000.0,178507.0
2015-09-04,257500.0,261500.0,249500.0,250000.0,114022.0
2015-09-03,250500.0,255000.0,250000.0,253500.0,56607.0
2015-09-02,253000.0,256500.0,252000.0,254000.0,54296.0
2015-09-01,257000.0,262500.0,251500.0,255000.0,86189.0
2015-08-31,256500.0,259000.0,254000.0,257000.0,83833.0
2015-08-28,257000.0,259000.0,253000.0,253000.0,89388.0
2015-08-27,252500.0,258000.0,250000.0,253000.0,126143.0
2015-08-26,252000.0,254000.0,241000.0,241000.0,101893.0
2015-08-25,240500.0,247500.0,240000.0,245000.0,115689.0
2015-08-24,242500.0,244500.0,238000.0,242000.0,180963.0
2015-08-21,242500.0,251500.0,236000.0,243500.0,129362.0
2015-08-20,245500.0,252500.0,243500.0,250000.0,114544.0
2015-08-19,251500.0,264000.0,250000.0,262500.0,170317.0
2015-08-18,263500.0,267000.0,260500.0,266500.0,64648.0
2015-08-17,266500.0,267500.0,264000.0,267500.0,55262.0
2015-08-13,264500.0,265500.0,259500.0,260000.0,60809.0
2015-08-12,259500.0,264500.0,258500.0,258500.0,94393.0
2015-08-11,258000.0,267000.0,258000.0,264500.0,87396.0
2015-08-10,264000.0,278000.0,263500.0,275500.0,121321.0
2015-08-07,278500.0,279000.0,271500.0,275500.0,69701.0
2015-08-06,275000.0,283000.0,275000.0,276000.0,97763.0
2015-08-05,280000.0,294000.0,280000.0,292000.0,140334.0
2015-08-04,294500.0,298000.0,292000.0,297500.0,95970.0
2015-08-03,296500.0,297000.0,289500.0,293000.0,100547.0
2015-07-31,293000.0,293000.0,286500.0,291000.0,121425.0
2015-07-30,289000.0,291500.0,281000.0,290000.0,99034.0
2015-07-29,287000.0,292000.0,279500.0,280000.0,100376.0
2015-07-28,280000.0,287000.0,277000.0,283500.0,106733.0
2015-07-27,283500.0,290000.0,276500.0,276500.0,105491.0
2015-07-24,282000.0,297000.0,281500.0,291000.0,115464.0
2015-07-23,293000.0,295500.0,289500.0,294000.0,73737.0
2015-07-22,296000.0,298000.0,288500.0,292000.0,125615.0
2015-07-21,296000.0,298000.0,288000.0,294500.0,197611.0
2015-07-20,293000.0,294000.0,276000.0,282500.0,250701.0
2015-07-17,282000.0,298500.0,268500.0,298000.0,613029.0
2015-07-16,286500.0,287500.0,258500.0,263000.0,376805.0
2015-07-15,262000.0,263500.0,260500.0,263000.0,66608.0
2015-07-14,259000.0,263000.0,250000.0,255000.0,129633.0
2015-07-13,254500.0,255000.0,250500.0,253000.0,56009.0
2015-07-10,252000.0,253500.0,248500.0,252000.0,68337.0
2015-07-09,252000.0,254500.0,248500.0,251000.0,82968.0
2015-07-08,252500.0,259000.0,250000.0,257000.0,88665.0
2015-07-07,253500.0,256000.0,252500.0,254500.0,56318.0
2015-07-06,251000.0,256500.0,250500.0,253000.0,73033.0
2015-07-03,258000.0,265000.0,256000.0,261000.0,89777.0
2015-07-02,262000.0,265500.0,260500.0,264000.0,62966.0
2015-07-01,263500.0,265000.0,256000.0,260000.0,99255.0
2015-06-30,259500.0,260000.0,249000.0,249500.0,136266.0
2015-06-29,249500.0,251500.0,247500.0,250000.0,105424.0
2015-06-26,253500.0,259000.0,253500.0,255500.0,108960.0
2015-06-25,256500.0,259500.0,255000.0,256500.0,108364.0
2015-06-24,258500.0,264000.0,256500.0,263000.0,114230.0
2015-06-23,260500.0,266500.0,255500.0,257000.0,101450.0
2015-06-22,256500.0,262500.0,256000.0,258000.0,69963.0
2015-06-19,259000.0,263500.0,254500.0,260500.0,96923.0
2015-06-18,258500.0,275000.0,255500.0,258000.0,194889.0
2015-06-17,254500.0,261500.0,253500.0,261500.0,144846.0
2015-06-16,261000.0,268000.0,260500.0,263500.0,85942.0
2015-06-15,263000.0,267500.0,262000.0,265000.0,56427.0
2015-06-12,269500.0,274000.0,265000.0,270500.0,110014.0
2015-06-11,268500.0,268500.0,261500.0,264000.0,141958.0
2015-06-10,261500.0,275000.0,260000.0,272000.0,218514.0
2015-06-09,270000.0,277000.0,270000.0,274500.0,144361.0
2015-06-08,275000.0,280000.0,273500.0,275000.0,183274.0
2015-06-05,273000.0,283000.0,272000.0,281500.0,388033.0
2015-06-04,284000.0,291500.0,271000.0,273500.0,772964.0
2015-06-03,306500.0,322000.0,302500.0,318500.0,275131.0
2015-06-02,319000.0,325000.0,311500.0,314000.0,268960.0
2015-06-01,311500.0,329500.0,310500.0,328000.0,421272.0
2015-05-29,335000.0,335000.0,316000.0,323500.0,816148.0
2015-05-28,329000.0,341000.0,309500.0,320000.0,1394151.0
2015-05-27,301000.0,305000.0,288000.0,290500.0,1010747.0
2015-05-26,283500.0,291500.0,272000.0,274500.0,832097.0
2015-05-22,265000.0,265500.0,260500.0,261000.0,73307.0
2015-05-21,261000.0,267000.0,260500.0,266000.0,99070.0
2015-05-20,268500.0,270500.0,264000.0,267500.0,68959.0
2015-05-19,267500.0,270000.0,263000.0,268000.0,97465.0
2015-05-18,270000.0,272000.0,265500.0,270000.0,94429.0
2015-05-15,271500.0,273000.0,266500.0,267000.0,195935.0
2015-05-14,266000.0,267000.0,258000.0,262000.0,115142.0
2015-05-13,262000.0,265000.0,254000.0,254000.0,142764.0
2015-05-12,254000.0,255000.0,250500.0,252000.0,76259.0
2015-05-11,255500.0,258000.0,245000.0,252500.0,132733.0
2015-05-08,252500.0,258500.0,248500.0,249000.0,161836.0
2015-05-07,245000.0,248000.0,231500.0,239500.0,218876.0
2015-05-06,241500.0,250000.0,241000.0,250000.0,199363.0
2015-05-04,251000.0,257000.0,249000.0,256500.0,181518.0
2015-04-30,256000.0,266500.0,255500.0,264000.0,164005.0
2015-04-29,266000.0,268500.0,265000.0,266500.0,102036.0
2015-04-28,266500.0,270000.0,266000.0,266500.0,81520.0
2015-04-27,265500.0,274000.0,265500.0,270000.0,113907.0
2015-04-24,267500.0,277000.0,267500.0,276500.0,196259.0
2015-04-23,275500.0,288500.0,266500.0,270000.0,574675.0
2015-04-22,267000.0,276500.0,266500.0,274000.0,147404.0
2015-04-21,273000.0,281000.0,273000.0,276000.0,157087.0
2015-04-20,273000.0,277000.0,264000.0,264000.0,177270.0
2015-04-17,269000.0,279000.0,269000.0,275500.0,147036.0
2015-04-16,274000.0,279500.0,269500.0,269500.0,385238.0
2015-04-15,269500.0,292500.0,256500.0,257500.0,762366.0
2015-04-14,256000.0,257000.0,254000.0,255500.0,133917.0
2015-04-13,254500.0,260500.0,254000.0,260000.0,158891.0
2015-04-10,260000.0,264000.0,256500.0,256500.0,124983.0
2015-04-09,257500.0,260000.0,256000.0,257500.0,87797.0
2015-04-08,258000.0,263000.0,258000.0,263000.0,110857.0
2015-04-07,263500.0,264000.0,259000.0,262000.0,72198.0
2015-04-06,261000.0,267000.0,261000.0,266000.0,68686.0
2015-04-03,265000.0,265500.0,260000.0,260000.0,70984.0
2015-04-02,260500.0,265000.0,260000.0,265000.0,99656.0
2015-04-01,263500.0,268000.0,263500.0,267500.0,71961.0
2015-03-31,267500.0,274500.0,265500.0,274500.0,110262.0
2015-03-30,272000.0,274500.0,266000.0,272000.0,86477.0
2015-03-27,271000.0,271000.0,266000.0,267000.0,91849.0
2015-03-26,266000.0,273000.0,263000.0,263500.0,99008.0
2015-03-25,268500.0,273000.0,266500.0,268500.0,92105.0
2015-03-24,269000.0,273000.0,266500.0,267000.0,85981.0
2015-03-23,270000.0,278000.0,270000.0,276500.0,208959.0
2015-03-20,279000.0,282000.0,276000.0,279000.0,143441.0
2015-03-19,281000.0,281000.0,273000.0,280000.0,268731.0
2015-03-18,277500.0,280000.0,272000.0,277000.0,255936.0
2015-03-17,279000.0,279000.0,264000.0,265000.0,408616.0
2015-03-16,260000.0,267500.0,255500.0,266000.0,393273.0
2015-03-13,270000.0,280000.0,266500.0,277500.0,468581.0
2015-03-12,279500.0,284000.0,271500.0,278500.0,1267555.0
2015-03-11,277000.0,288500.0,272500.0,284500.0,1054134.0
2015-03-10,299500.0,300000.0,294000.0,299000.0,319047.0
2015-03-09,297000.0,297000.0,288500.0,289500.0,271535.0
2015-03-06,292500.0,293000.0,286000.0,289000.0,206715.0
2015-03-05,287500.0,288500.0,279500.0,283000.0,206684.0
2015-03-04,283500.0,290000.0,283000.0,284500.0,188903.0
2015-03-03,285000.0,288000.0,276500.0,286500.0,287315.0
2015-03-02,286000.0,294500.0,276000.0,290500.0,401795.0
2015-02-27,289500.0,290000.0,277500.0,281000.0,353285.0
2015-02-26,279500.0,280000.0,271000.0,278000.0,205892.0
2015-02-25,276000.0,282500.0,271500.0,272000.0,448168.0
2015-02-24,268000.0,271000.0,257000.0,259000.0,404175.0
2015-02-23,257000.0,259000.0,254000.0,259000.0,158027.0
2015-02-17,255000.0,258500.0,252000.0,255000.0,190610.0
2015-02-16,256500.0,260000.0,239000.0,240000.0,726401.0
2015-02-13,242000.0,246000.0,234000.0,238000.0,303008.0
2015-02-12,237500.0,245000.0,236000.0,244000.0,166730.0
2015-02-11,244500.0,250000.0,236500.0,236500.0,211622.0
2015-02-10,238500.0,245000.0,238000.0,244500.0,183025.0
2015-02-09,246000.0,255500.0,245000.0,253000.0,191976.0
2015-02-06,255000.0,263500.0,255000.0,260500.0,181803.0
2015-02-05,260000.0,263000.0,254500.0,258000.0,147272.0
2015-02-04,261500.0,263000.0,255500.0,258000.0,182413.0
2015-02-03,255500.0,256500.0,247000.0,254000.0,229661.0
2015-02-02,254000.0,263000.0,252500.0,261000.0,190321.0
2015-01-30,264500.0,273500.0,256500.0,273000.0,309643.0
2015-01-29,268000.0,276500.0,260500.0,274000.0,344243.0
2015-01-28,271000.0,275000.0,252000.0,255500.0,860609.0
2015-01-27,242000.0,242500.0,238500.0,239000.0,182275.0
2015-01-26,236500.0,244000.0,234500.0,237500.0,229739.0
2015-01-23,238500.0,239500.0,230500.0,232500.0,391438.0
2015-01-22,227500.0,235000.0,226500.0,228000.0,354100.0
2015-01-21,229500.0,249000.0,227000.0,249000.0,820033.0
2015-01-20,249000.0,260500.0,248000.0,258000.0,355279.0
2015-01-19,257500.0,268500.0,255000.0,264500.0,183261.0
2015-01-16,264000.0,266500.0,262500.0,265000.0,98113.0
2015-01-15,267500.0,269500.0,264500.0,265500.0,145924.0
2015-01-14,264000.0,271000.0,262500.0,266500.0,266692.0
2015-01-13,264000.0,286500.0,260500.0,286000.0,975579.0
2015-01-12,289000.0,299500.0,289000.0,296000.0,280549.0
2015-01-09,300500.0,302500.0,296500.0,299500.0,228505.0
2015-01-08,294000.0,300500.0,292000.0,293500.0,186261.0
2015-01-07,290500.0,298000.0,290500.0,292500.0,176350.0
2015-01-06,294000.0,307500.0,292500.0,305500.0,404667.0
2015-01-05,310000.0,327500.0,308000.0,322500.0,553675.0
2015-01-02,318000.0,319000.0,295000.0,298000.0,684126.0
2014-12-30,293500.0,302000.0,292000.0,299000.0,409522.0
2014-12-29,295000.0,297500.0,287000.0,289000.0,632051.0
2014-12-26,283500.0,286000.0,279000.0,283500.0,249542.0
2014-12-24,283000.0,287500.0,280500.0,287500.0,234835.0
2014-12-23,283000.0,292500.0,280500.0,282000.0,359697.0
2014-12-22,281500.0,287500.0,275000.0,286000.0,394511.0
2014-12-19,287500.0,292500.0,279000.0,285000.0,698457.0
2014-12-18,280500.0,297500.0,271500.0,296000.0,640148.0
2014-12-17,290000.0,306500.0,288000.0,293500.0,599116.0
2014-12-16,286500.0,298500.0,286000.0,296500.0,486239.0
2014-12-15,299500.0,307500.0,299000.0,300000.0,391426.0
2014-12-12,309000.0,321500.0,309000.0,318500.0,291431.0
2014-12-11,320000.0,331000.0,320000.0,321000.0,247997.0
2014-12-10,325500.0,326500.0,309000.0,318000.0,433680.0
2014-12-09,321000.0,335000.0,317000.0,331000.0,435603.0
2014-12-08,334000.0,352000.0,333500.0,352000.0,291875.0
2014-12-05,349500.0,354500.0,345000.0,351500.0,252744.0
2014-12-04,355500.0,368000.0,354500.0,361500.0,262418.0
2014-12-03,357000.0,361000.0,354000.0,354000.0,300156.0
2014-12-02,353000.0,356500.0,341500.0,342000.0,428955.0
2014-12-01,343500.0,361000.0,343000.0,357000.0,531894.0
2014-11-28,347000.0,374000.0,345500.0,368500.0,1040525.0
2014-11-27,378000.0,419500.0,378000.0,412000.0,834742.0
2014-11-26,410500.0,429500.0,410500.0,413000.0,909494.0
2014-11-25,428000.0,428000.0,375500.0,396000.0,3022131.0
2014-11-24,404000.0,408500.0,384000.0,405000.0,942445.0
2014-11-21,400000.0,413000.0,393000.0,398500.0,967753.0
2014-11-20,398000.0,400000.0,367500.0,369500.0,1706709.0
2014-11-19,371000.0,373500.0,352500.0,367000.0,864739.0
2014-11-18,366000.0,375000.0,340000.0,342000.0,1423443.0
2014-11-17,338500.0,342500.0,312000.0,317500.0,1568450.0
2014-11-14,327500.0,382500.0,325000.0,380000.0,3822084.0
