1,10,23,29,33,37,40,16,0,0
2,9,13,21,25,32,42,2,1,2002006800
3,11,16,19,21,27,31,30,1,2000000000
4,14,27,30,31,40,42,2,0,0
5,16,24,29,40,41,42,3,0,0
6,14,15,26,27,40,42,34,1,6574451700
7,2,9,16,25,26,40,42,0,0
8,8,19,25,34,37,39,9,0,0
9,2,4,16,17,36,39,14,0,0
10,9,25,30,33,41,44,6,13,6430437900
11,1,7,36,37,41,42,14,5,4780152300
12,2,11,21,25,39,45,44,12,1348845700
13,22,23,25,37,38,42,26,0,0
14,2,6,12,31,33,40,15,4,9375048300
15,3,4,16,30,31,37,13,1,17014245000
16,6,7,24,37,38,40,33,4,4377146100
17,3,4,9,17,32,37,1,3,5349491200
18,3,12,13,19,32,35,29,0,0
19,6,30,38,39,40,43,26,1,40722959400
20,10,14,18,20,23,30,41,1,19352212800
21,6,12,17,18,31,32,21,23,797475400
22,4,5,6,8,17,39,25,4,4552194900
23,5,13,17,18,33,42,44,4,4317947700
24,7,8,27,29,36,43,6,0,0
25,2,4,21,26,43,44,16,2,24227745300
26,4,5,7,18,20,25,31,5,3495069900
27,1,20,26,28,37,43,27,2,9543982500
28,9,18,23,25,35,37,1,10,1700361100
29,1,5,13,34,39,40,11,5,3552594000
30,8,17,20,35,36,44,4,2,8728555500
31,7,9,18,23,28,35,32,2,8106672900
32,6,14,19,25,34,44,11,10,1634528300
33,4,7,32,33,40,41,9,1,14903517600
34,9,26,35,37,40,42,2,5,3056918000
35,2,3,11,26,37,43,39,3,5054598200
36,1,10,23,26,28,40,31,1,16014475800
37,7,27,30,33,35,37,42,3,4985999400
38,16,17,22,30,37,43,36,3,5374866400
39,6,7,13,15,21,43,8,6,2623748800
40,7,13,18,19,25,26,6,13,1147652400
41,13,20,23,35,38,43,34,0,0
42,17,18,19,21,23,32,1,6,6899280100
43,6,31,35,38,39,44,1,1,17749630800
44,3,11,21,30,38,45,39,5,3362155800
45,1,10,20,27,33,35,17,2,8356417800
46,8,13,15,23,31,38,39,3,5327758800
47,14,17,26,31,36,45,27,5,3250042400
48,6,10,18,26,37,38,3,6,2415673600
49,4,7,16,19,33,40,30,7,1967504600
50,2,10,12,15,22,44,1,3,5227061400
51,2,3,11,16,26,44,35,6,2421117000
52,2,4,15,16,20,29,1,4,3900844900
53,7,8,14,32,33,39,42,3,5014371000
54,1,8,21,27,36,39,37,3,5148626600
55,17,21,31,37,40,44,7,2,7088799600
56,10,14,30,31,33,37,19,4,3777570900
57,7,10,16,25,29,44,6,4,4114411900
58,10,24,25,33,40,44,1,4,3676429200
59,6,29,36,39,41,45,13,4,4127587300
60,2,8,25,36,39,42,11,7,2172504600
61,14,15,19,30,38,43,8,5,3541038800
62,3,8,15,27,29,35,21,1,15817286400
63,3,20,23,36,38,40,5,2,7922245500
64,14,15,18,21,26,36,39,4,3899818000
65,4,25,33,36,40,43,39,4,3727945800
66,2,3,7,17,22,24,45,4,3685138200
67,3,7,10,15,36,38,33,7,2114436500
68,10,12,15,16,26,39,38,5,2945882100
69,5,8,14,15,19,39,35,3,4962712200
70,5,19,22,25,28,43,26,3,5031277800
71,5,9,12,16,29,41,21,0,0
72,2,4,11,17,26,27,1,13,3260524600
73,3,12,18,32,40,43,38,6,2766662100
74,6,15,17,18,35,40,23,3,5284949800
75,2,5,24,32,34,44,28,4,3914616900
76,1,3,15,22,25,37,43,2,7451022600
77,2,18,29,32,43,44,37,3,5155758600
78,10,13,25,29,33,35,38,4,3519850000
79,3,12,24,27,30,32,14,4,3416443800
80,17,18,24,25,26,30,1,1,13809540000
81,5,7,11,13,20,33,6,5,2714288880
82,1,2,3,14,27,42,39,1,14562494400
83,6,10,15,17,19,34,14,2,7086948300
84,16,23,27,34,42,45,11,2,7669779000
85,6,8,13,23,31,36,21,4,3462109800
86,2,12,37,39,41,45,33,1,14252186400
87,4,12,16,23,34,43,26,11,1799358055
88,1,17,20,24,30,41,27,4,3069709650
89,4,26,28,29,33,40,37,3,4248321900
90,17,20,29,35,38,44,10,4,3291435300
91,1,21,24,26,29,42,27,4,3582902400
92,3,14,24,33,35,36,17,11,1233270846
93,6,22,24,36,38,44,19,6,2269178150
94,5,32,34,40,41,45,6,6,2245339950
95,8,17,27,31,34,43,14,8,1747741238
96,1,3,8,21,22,31,20,7,1847133515
97,6,7,14,15,20,36,3,9,1496214000
98,6,9,16,23,24,32,43,4,3177972300
99,1,3,10,27,29,37,11,6,2169219050
100,1,7,11,23,37,42,6,4,3315315525
101,1,3,17,32,35,45,8,5,2707297500
102,17,22,24,26,35,40,42,9,1457153067
103,5,14,15,27,30,45,10,8,1691589563
104,17,32,33,34,42,44,35,2,6610743750
105,8,10,20,34,41,45,28,4,3416781450
106,4,10,12,22,24,33,29,16,810461157
107,1,4,5,6,9,31,17,2,6679927800
108,7,18,22,23,29,44,12,7,1998900772
109,1,5,34,36,42,44,33,12,1246838200
110,7,20,22,23,29,43,1,3,4566262000
111,7,18,31,33,36,40,27,6,2199047450
112,26,29,30,33,41,42,43,9,1567271167
113,4,9,28,33,36,45,26,9,1561528934
114,11,14,19,26,28,41,2,6,2362345050
115,1,2,6,9,25,28,31,9,1488589567
116,2,4,25,31,34,37,17,7,1997747315
117,5,10,22,34,36,44,35,9,1558378334
118,3,4,10,17,19,22,38,10,1297989720
119,3,11,13,14,17,21,38,9,1474899400
120,4,6,10,11,32,37,30,3,4364530300
121,12,28,30,34,38,43,9,2,6839648100
122,1,11,16,17,36,40,8,9,1450073800
123,7,17,18,28,30,45,27,5,2532982680
124,4,16,23,25,29,42,1,9,1395936267
125,2,8,32,33,35,36,18,7,1754870786
126,7,20,22,27,40,43,1,9,1369301500
127,3,5,10,29,32,43,35,6,1965939150
128,12,30,34,36,37,45,39,6,2064043100
129,19,23,25,28,38,42,17,11,1093629655
130,7,19,24,27,42,45,31,4,3036496650
131,8,10,11,14,15,21,37,8,1451214488
132,3,17,23,34,41,45,43,4,2920473525
133,4,7,15,18,23,26,13,8,1450242600
134,3,12,20,23,31,35,43,5,2349155100
135,6,14,22,28,35,39,16,7,1717293515
136,2,16,30,36,41,42,11,6,1997694150
137,7,9,20,25,36,39,15,9,1270403467
138,10,11,27,28,37,39,19,5,2227152000
139,9,11,15,20,28,43,13,7,1650210215
140,3,13,17,18,19,28,8,5,2109462840
141,8,12,29,31,42,43,2,6,1900552400
142,12,16,30,34,40,44,19,11,1018265564
143,26,27,28,42,43,45,8,3,3954584700
144,4,15,17,26,36,37,43,8,1402440413
145,2,3,13,20,27,44,9,3,3797838200
146,2,19,27,35,41,42,25,2,6043415250
147,4,6,13,21,40,42,36,7,1700040215
148,21,25,33,34,35,36,17,5,2323596420
149,2,11,21,34,41,42,27,7,1639052143
150,2,18,25,28,37,39,16,4,2831645850
151,1,2,10,13,18,19,15,4,2716634025
152,1,5,13,26,29,34,43,5,2278131840
153,3,8,11,12,13,36,33,4,2730526125
154,6,19,21,35,40,45,20,4,2836628700
155,16,19,20,32,33,41,4,9,1193005734
156,5,18,28,30,42,45,2,8,1401099900
157,19,26,30,33,35,39,37,2,5484903750
158,4,9,13,18,21,34,7,10,1069544340
159,1,18,30,41,42,43,32,6,1755407300
160,3,7,8,34,39,41,1,2,5490805350
161,22,34,36,40,42,45,44,7,1996876272
162,1,5,21,25,38,41,24,5,2308265760
163,7,11,26,28,29,44,16,7,1629726515
164,6,9,10,11,39,41,27,3,4054937900
165,5,13,18,19,22,42,31,2,6767426700
166,9,12,27,36,39,45,14,11,1111299982
167,24,27,28,30,36,39,4,5,2491222920
168,3,10,31,40,42,43,30,5,2349946920
169,16,27,35,37,43,45,19,5,2482888380
170,2,11,13,15,31,42,10,6,1923108250
171,4,16,25,29,34,35,1,6,1961339700
172,4,19,21,24,26,41,35,11,1081154073
173,3,9,24,30,33,34,18,8,1487736788
174,13,14,18,22,35,39,16,7,1771103058
175,19,26,28,31,33,36,17,5,2371132620
176,4,17,30,32,33,34,15,5,2314663080
177,1,10,13,16,37,43,6,7,1693285500
178,1,5,11,12,18,23,9,5,2254621080
179,5,9,17,25,39,43,32,10,1081093920
180,2,15,20,21,29,34,22,2,5763371550
181,14,21,23,32,40,45,44,6,1941763300
182,13,15,27,29,34,40,35,3,3721439400
183,2,18,24,34,40,42,5,6,1777221500
184,1,2,6,16,20,33,41,6,1747753050
185,1,2,4,8,19,38,14,3,3522485800
186,4,10,14,19,21,45,9,9,1187882600
187,1,2,8,18,29,38,42,7,1544733900
188,19,24,27,30,31,34,36,3,3501405200
189,8,14,32,35,37,45,28,3,3461775100
190,8,14,18,30,31,44,15,6,1784159450
191,5,6,24,25,32,37,8,4,2577114675
192,4,8,11,18,37,45,33,4,2445348375
193,6,14,18,26,36,39,13,3,3404449700
194,15,20,23,26,39,44,28,4,2650567875
195,7,10,19,22,35,40,31,11,918992591
196,35,36,37,41,44,45,30,15,727876520
197,7,12,16,34,42,45,4,6,1803018300
198,12,19,20,25,41,45,2,6,1797855050
199,14,21,22,25,30,36,43,2,5344252200
200,5,6,13,14,17,20,7,8,1344616613
201,3,11,24,38,39,44,26,1,9719465400
202,12,14,27,33,39,44,17,6,1893391700
203,1,3,11,24,30,32,7,5,2164564740
204,3,12,14,35,40,45,5,8,1358347125
205,1,3,21,29,35,37,30,6,1835221800
206,1,2,3,15,20,25,43,5,2032859340
207,3,11,14,31,32,37,38,5,2104673760
208,14,25,31,34,40,44,24,6,1760767400
209,2,7,18,20,24,33,37,6,1660896350
210,10,19,22,23,25,37,39,2,5139085950
211,12,13,17,20,33,41,8,10,1035800250
212,11,12,18,21,31,38,8,4,2660747250
213,2,3,4,5,20,24,42,8,1376678025
214,5,7,20,25,28,37,32,8,1406980875
215,2,3,7,15,43,44,4,7,1587689615
216,7,16,17,33,36,40,1,13,848506108
217,16,20,27,33,35,39,38,7,1611246172
218,1,8,14,18,29,44,20,4,2779075800
219,4,11,20,26,35,37,16,9,1208409167
220,5,11,19,21,34,43,31,6,1958094950
221,2,20,33,35,37,40,10,6,1800104250
222,5,7,28,29,39,43,44,5,2275193820
223,1,3,18,20,26,27,38,7,1498170600
224,4,19,26,27,30,42,7,6,1808969950
225,5,11,13,19,31,36,7,6,1777201800
226,2,6,8,14,21,22,34,6,1744100150
227,4,5,15,16,22,42,2,2,5253542400
228,17,25,35,36,39,44,23,9,1146700334
229,4,5,9,11,23,38,35,7,1451441100
230,5,11,14,29,32,33,12,8,1292929163
231,5,10,19,31,44,45,27,9,1088365900
232,8,9,10,12,24,44,35,9,1110918400
233,4,6,13,17,28,40,39,10,999153750
234,13,21,22,24,26,37,4,4,2519743875
235,21,22,26,27,31,37,8,3,3433330100
236,1,4,8,13,37,39,7,2,5030040150
237,1,11,17,21,24,44,33,7,1440630729
238,2,4,15,28,31,34,35,9,1121660567
239,11,15,24,39,41,44,7,9,1134140167
240,6,10,16,40,41,43,21,2,5098251450
241,2,16,24,27,28,35,21,4,2552016300
242,4,19,20,21,32,34,43,8,1234542375
243,2,12,17,19,28,42,34,4,2408850000
244,13,16,25,36,37,38,19,1,9121583100
245,9,11,27,31,32,38,22,7,1382583129
246,13,18,21,23,26,39,15,5,1911774240
247,12,15,28,36,39,40,13,6,1669313900
248,3,8,17,23,38,45,13,8,1227479363
249,3,8,27,31,41,44,11,6,1663568700
250,19,23,30,37,43,45,38,5,1994726280
251,6,7,19,25,28,38,45,8,1282616400
252,14,23,26,31,39,45,28,7,1391089715
253,8,19,25,31,34,36,33,4,2466189525
254,1,5,19,20,24,30,27,1,9741015900
255,1,5,6,24,27,42,32,6,1598618550
256,4,11,14,21,23,43,32,2,4891017000
257,6,13,27,31,32,37,4,4,2391377025
258,14,27,30,31,38,40,17,4,2426434350
259,4,5,14,35,42,45,34,2,4838533500
260,7,12,15,24,37,40,43,4,2310085575
261,6,11,16,18,31,43,2,3,3192299100
262,9,12,24,25,29,31,36,2,4518741600
263,1,27,28,32,37,40,18,6,1551704900
264,9,16,27,36,41,44,5,7,1344889200
265,5,9,34,37,38,39,12,8,1200838575
266,3,4,9,11,22,42,37,3,3207211700
267,7,8,24,34,36,41,1,3,3257663300
268,3,10,19,24,32,45,12,7,1350954515
269,5,18,20,36,42,43,32,5,1961399940
270,5,9,12,20,21,26,27,5,1927830060
271,3,8,9,27,29,40,36,6,1565918150
272,7,9,12,27,39,43,28,9,1104622800
273,1,8,24,31,34,44,6,3,3339543100
274,13,14,15,26,35,39,25,4,2505085575
275,14,19,20,35,38,40,26,1,10044066900
276,4,15,21,33,39,41,25,3,3312569000
277,10,12,13,15,25,29,20,3,3272627800
278,3,11,37,39,41,43,13,3,3186530000
279,7,16,31,36,37,38,11,5,1914205320
280,10,11,23,24,36,37,35,7,1355258529
281,1,3,4,6,14,41,12,6,1554683200
282,2,5,10,18,31,32,30,7,1322052643
283,6,8,18,31,38,45,42,3,3137224600
284,2,7,15,24,30,45,28,3,3117640300
285,13,33,37,40,41,45,2,3,3164370100
286,1,15,19,40,42,44,17,3,3236566300
287,6,12,24,27,35,37,41,7,1328657100
288,1,12,17,28,35,41,10,4,2357261550
289,3,14,33,37,38,42,10,0,0
290,8,13,18,32,39,45,7,13,2149214424
291,3,7,8,18,20,42,45,7,1450585200
292,17,18,31,32,33,34,10,14,720373950
293,1,9,17,21,29,33,24,6,1656764400
294,6,10,17,30,37,38,40,4,2406504975
295,1,4,12,16,18,38,8,0,0
296,3,8,15,27,30,45,44,8,3066088275
297,6,11,19,20,28,32,34,2,5056668750
298,5,9,27,29,37,40,19,1,9909778500
299,1,3,20,25,36,45,24,7,1483772529
300,7,9,10,12,26,38,39,12,836092425
301,7,11,13,33,37,43,26,7,1447385015
302,13,19,20,32,38,42,4,2,5472167250
303,2,14,17,30,38,45,43,6,1672749000
304,4,10,16,26,33,41,38,6,1661646150
305,7,8,18,21,23,39,9,5,2008210140
306,4,18,23,30,34,41,19,5,2102669520
307,5,15,21,23,25,45,12,4,2587643250
308,14,15,17,19,37,45,40,1,10232872800
309,1,2,5,11,18,36,22,11,901622946
310,1,5,19,28,34,41,16,8,1296713325
311,4,12,24,27,28,32,10,8,1237691063
312,2,3,5,6,12,20,25,15,629017820
313,9,17,34,35,43,45,2,6,1715422800
314,15,17,19,34,38,41,2,6,1660512200
315,1,13,33,35,43,45,23,8,1308728625
316,10,11,21,27,31,39,43,6,1673586400
317,3,10,11,22,36,39,8,4,2576258550
318,2,17,19,20,34,45,21,9,1207436600
319,5,8,22,28,33,42,37,5,2135659380
320,16,19,23,25,41,45,3,2,5513067900
321,12,18,20,21,25,34,42,6,1959136100
322,9,18,29,32,38,43,20,6,1904544700
323,10,14,15,32,36,42,3,8,1461025388
324,2,4,21,25,33,36,17,6,1865130350
325,7,17,20,32,44,45,33,6,1806122450
326,16,23,25,33,36,39,40,6,1832134550
327,6,12,13,17,32,44,24,12,882674750
328,1,6,9,16,17,28,24,6,1819795900
329,9,17,19,30,35,42,4,6,1830391200
330,3,4,16,17,19,20,23,9,1162280200
331,4,9,14,26,31,44,39,5,2165902620
332,16,17,34,36,42,45,3,8,1359448388
333,5,14,27,30,39,43,35,7,1550987143
334,13,15,21,29,39,43,33,7,1523002972
335,5,9,16,23,26,45,21,5,2037492480
336,3,5,20,34,35,44,16,6,1685632650
337,1,5,14,18,32,37,4,8,1257500513
338,2,13,34,38,42,45,16,3,3383431000
339,6,8,14,21,30,37,45,9,1096778334
340,18,24,26,29,34,38,32,7,1439393186
341,1,8,19,34,39,43,41,7,1497207772
342,1,13,14,33,34,43,25,3,3454095800
343,1,10,17,29,31,43,15,6,1717153000
344,1,2,15,28,34,45,38,7,1467106543
345,15,20,23,29,39,42,2,2,5203577550
346,5,13,14,22,44,45,33,5,2017727340
347,3,8,13,27,32,42,10,7,1456624286
348,3,14,17,20,24,31,34,3,3299994000
349,5,13,14,20,24,25,36,3,3353209000
350,1,8,18,24,29,33,35,9,1101052467
351,5,25,27,29,34,36,33,4,2583357150
352,5,16,17,20,26,41,24,6,1732858250
353,11,16,19,22,29,36,26,2,5290838250
354,14,19,36,43,44,45,1,5,2124464340
355,5,8,29,30,35,44,38,5,2145424800
356,2,8,14,25,29,45,24,9,1157185267
357,10,14,18,21,36,37,5,2,5313394350
358,1,9,10,12,21,40,37,3,3472654900
359,1,10,19,20,24,40,23,8,1286712600
360,4,16,23,25,35,40,27,3,3566716200
361,5,10,16,24,27,35,33,7,1473115115
362,2,3,22,27,30,40,29,6,1729424650
363,11,12,14,21,32,38,6,4,2615910600
364,2,5,7,14,16,40,4,4,2531914800
365,5,15,21,25,26,30,31,1,10697716800
366,5,12,19,26,27,44,38,2,5351553900
367,3,22,25,29,32,44,19,7,1581736586
368,11,21,24,30,39,45,26,7,1465825115
369,17,20,35,36,41,43,21,6,1842177750
370,16,18,24,42,44,45,17,7,1678941943
371,7,9,15,26,27,42,18,7,1524130543
372,8,11,14,16,18,21,13,9,1192593200
373,15,26,37,42,43,45,9,4,2791801125
374,11,13,15,17,25,34,26,2,5528717850
375,4,8,19,25,27,45,7,7,1581284058
376,1,11,13,24,28,40,7,6,1956915800
377,6,22,29,37,43,45,23,3,3912085400
378,5,22,29,31,34,39,43,5,2317698240
379,6,10,22,31,35,40,19,7,1598999786
380,1,2,8,17,26,37,27,4,2684274825
381,1,5,10,12,16,20,11,19,565738895
382,10,15,22,24,27,42,19,6,1846674900
383,4,15,28,33,37,40,25,3,3596522100
384,11,22,24,32,36,38,7,3,3658734200
385,7,12,19,21,29,32,9,7,1542032700
386,4,7,10,19,31,40,26,10,1042953330
387,1,26,31,34,40,43,20,4,2675533500
388,1,8,9,17,29,32,45,4,2545543875
389,7,16,18,20,23,26,3,5,2119027020
390,16,17,28,37,39,40,15,1,10373997900
391,10,11,18,22,28,39,30,1,10508749800
392,1,3,7,8,24,42,43,6,1713528700
393,9,16,28,40,41,43,21,8,1362003975
394,1,13,20,22,25,28,15,1,10654349100
395,11,15,20,26,31,35,7,7,1534635000
396,18,20,31,34,40,45,30,2,5296622400
397,12,13,17,22,25,33,8,3,3499519700
398,10,15,20,23,42,44,7,4,2680625550
399,1,2,9,17,19,42,20,8,1276854975
400,9,21,27,34,41,43,2,4,2669834325
401,6,12,18,31,38,43,9,9,1168214792
402,5,9,15,19,22,36,32,4,2662206188
403,10,14,22,24,28,37,26,5,2122396875
404,5,20,21,24,33,40,36,3,3566659375
405,1,2,10,25,26,44,4,3,3543878000
406,7,12,21,24,27,36,45,5,2156142450
407,6,7,13,16,24,25,1,7,1649707286
408,9,20,21,22,30,37,16,5,2235375825
409,6,9,21,31,32,40,38,4,2896989750
410,1,3,18,32,40,41,16,9,1249335709
411,11,14,22,35,37,39,5,12,953227563
412,4,7,39,41,42,45,40,7,1656199822
413,2,9,15,23,34,40,3,4,2814673500
414,2,14,15,22,23,44,43,1,11703832500
415,7,17,20,26,30,40,24,8,1334182407
416,5,6,8,11,22,26,44,10,1072037100
417,4,5,14,20,22,43,44,4,2818329938
418,11,13,15,26,28,34,31,8,1435649766
419,2,11,13,14,28,30,7,3,3796490750
420,4,9,10,29,31,34,27,8,1424856375
421,6,11,26,27,28,44,30,5,2321144325
422,8,15,19,21,34,44,12,6,2205251375
423,1,17,27,28,29,40,5,3,3896153875
424,10,11,26,31,34,44,30,10,1109480813
425,8,10,14,27,33,38,3,8,1534833000
426,4,17,18,27,39,43,19,4,3057233625
427,6,7,15,24,28,30,21,1,12571445625
428,12,16,19,22,37,40,8,9,1437683209
429,3,23,28,34,39,42,16,9,1485904709
430,1,3,16,18,30,34,44,8,1611763219
431,18,22,25,31,38,45,6,10,1268434013
432,2,3,5,11,27,39,33,5,2299427550
433,19,23,29,33,35,43,27,11,1182294410
434,3,13,20,24,33,37,35,8,1480060266
435,8,16,26,30,38,45,42,10,1287550013
436,9,14,20,22,33,34,28,8,1512266579
437,11,16,29,38,41,44,21,6,2096245438
438,6,12,20,26,29,38,45,9,1377142167
439,17,20,30,31,37,40,25,6,1900077375
440,10,22,28,34,36,44,2,6,1995873000
441,1,23,28,30,34,35,9,4,3170417063
442,25,27,29,36,38,40,41,9,1413413042
443,4,6,10,19,20,44,14,9,1327597584
444,11,13,23,35,43,45,17,3,4154188625
445,13,20,21,30,39,45,32,7,1791683036
446,1,11,12,14,26,35,6,3,4051247625
447,2,7,8,9,17,33,34,4,2657941125
448,3,7,13,27,40,41,36,3,4026212750
449,3,10,20,26,35,43,36,3,4059715250
450,6,14,19,21,23,31,13,6,1990391625
451,12,15,20,24,30,38,29,13,882138952
452,8,10,18,30,32,34,27,9,1276902000
453,12,24,33,38,40,42,30,5,2262732375
454,13,25,27,34,38,41,10,7,1609125590
455,4,19,20,26,30,35,24,7,1635711483
456,1,7,12,18,23,27,44,7,1598505054
457,8,10,18,23,27,40,33,10,1159902825
458,4,9,10,32,36,40,18,8,1608812625
459,4,6,10,14,25,40,12,7,1655842233
460,8,11,28,30,43,45,41,4,3180895782
461,11,18,26,31,37,40,43,6,1948674875
462,3,20,24,32,37,45,4,8,1483559297
463,23,29,31,33,34,44,40,0,0
464,6,12,15,34,42,44,4,13,3355721106
465,1,8,11,13,22,38,31,7,1923662893
466,4,10,13,23,32,44,20,9,1530313459
467,2,12,14,17,24,40,39,9,1435441084
468,8,13,15,28,37,43,17,9,1527197167
469,4,21,22,34,37,38,33,4,3330131250
470,10,16,20,39,41,42,27,3,4333330625
471,6,13,29,37,39,41,43,7,1939332858
472,16,25,26,31,36,43,44,7,1809656090
473,8,13,20,22,23,36,34,4,3250418063
474,4,13,18,31,33,45,43,15,936690800
475,1,9,14,16,21,29,3,8,1693923047
476,9,12,13,15,37,38,27,4,3439851469
477,14,25,29,32,33,45,37,8,1919011829
478,18,29,30,37,39,43,8,14,987224759
479,8,23,25,27,35,44,24,6,2233046500
480,3,5,10,17,30,31,16,4,2996742282
481,3,4,23,29,40,41,20,3,4639355750
482,1,10,16,24,25,35,43,7,1897921179
483,12,15,19,22,28,34,5,5,2567196675
484,1,3,27,28,32,45,11,6,2305303063
485,17,22,26,27,36,39,20,9,1501474917
486,1,2,23,25,38,40,43,13,1008634125
487,4,8,25,27,37,41,21,8,1638830766
488,2,8,17,30,31,38,25,10,1330393575
489,2,4,8,15,20,27,11,6,2106360625
490,2,7,26,29,40,43,42,7,1860234161
491,8,17,35,36,39,42,4,4,3304634438
492,22,27,31,35,37,40,42,5,2493013800
493,20,22,26,33,36,37,25,9,1451120334
494,5,7,8,15,30,43,22,12,1054588407
495,4,13,22,27,34,44,6,6,2111645000
496,4,13,20,29,36,41,39,4,3285932250
497,19,20,23,24,43,44,13,6,2222817813
498,13,14,24,32,39,41,3,4,3244503094
499,5,20,23,27,35,40,43,3,4070480250
500,3,4,12,20,24,34,41,9,1351072375
501,1,4,10,17,31,42,2,4,3025200094
502,6,22,28,32,34,40,26,6,2201458125
503,1,5,27,30,34,36,40,7,1853634911
504,6,14,22,26,43,44,31,9,1443236959
505,7,20,22,25,38,40,44,6,1917955188
506,6,9,11,22,24,30,31,3,4073333875
507,12,13,32,33,40,41,4,9,1416438875
508,5,27,31,34,35,43,37,8,1599557860
509,12,25,29,35,42,43,24,5,2689076100
510,12,29,32,33,39,40,42,5,2644158150
511,3,7,14,23,26,42,24,6,2165579250
512,4,5,9,13,26,27,1,13,940094452
513,5,8,21,23,27,33,12,3,4589624750
514,1,15,20,26,35,42,9,3,4451055500
515,2,11,12,15,23,37,8,1,13200466875
516,2,8,23,41,43,44,30,11,1294190182
517,1,9,12,28,36,41,10,5,2659057725
518,14,23,30,32,34,38,6,6,2263804125
519,6,8,13,16,30,43,3,7,1950601393
520,4,22,27,28,38,40,1,6,2167205438
521,3,7,18,29,32,36,19,8,1693420922
522,4,5,13,14,37,41,11,6,2281623000
523,1,4,37,38,40,45,7,7,1780355840
524,10,11,29,38,41,45,21,4,3491695594
525,11,23,26,29,39,44,22,9,1501132375
526,7,14,17,20,35,39,31,9,1491031959
527,1,12,22,32,33,42,38,13,1032386366
528,5,17,25,31,39,40,10,11,1197889125
529,18,20,24,27,31,42,39,8,1749114797
530,16,23,27,29,33,41,22,11,1231656239
531,1,5,9,21,27,35,45,9,1521519750
532,16,17,23,24,29,44,3,7,2216896286
533,9,14,15,17,31,33,23,8,1785671579
534,10,24,26,29,37,38,32,1,14215763250
535,11,12,14,15,18,39,34,3,4935603000
536,7,8,18,32,37,43,12,11,1308523603
537,12,23,26,30,36,43,11,7,2104038911
538,6,10,18,31,32,34,11,3,4688021625
539,3,19,22,31,42,43,26,9,1621036667
540,3,12,13,15,34,36,14,7,1989365250
541,8,13,26,28,32,34,43,11,1269327171
542,5,6,19,26,41,45,34,6,2335152563
543,13,18,26,31,34,44,12,12,1112934844
544,5,17,21,25,36,44,10,13,1046388433
545,4,24,25,27,34,35,2,11,1198994353
546,8,17,20,27,37,43,6,30,405939950
547,6,7,15,22,34,39,28,5,2838444450
548,1,12,13,21,32,45,14,8,1736871891
549,29,31,35,38,40,44,17,8,1760805047
550,1,7,14,20,34,37,41,11,1118679205
551,3,6,20,24,27,44,25,1,13526973750
552,1,10,20,32,35,40,43,10,1330824225
553,2,7,17,28,29,39,37,6,2249631438
554,13,14,17,32,41,42,6,2,6813893625
555,11,17,21,24,26,36,12,8,1711027360
556,12,20,23,28,30,44,43,7,2005209161
557,4,20,26,28,35,40,31,7,1888069286
558,12,15,19,26,40,43,29,10,1315913663
559,11,12,25,32,44,45,23,7,1926145608
560,1,4,20,23,29,45,28,7,1976697215
561,5,7,18,37,42,45,20,5,2753712225
562,4,11,13,17,20,31,33,11,1166694614
563,5,10,16,17,31,32,21,7,1932735643
564,14,19,25,26,27,34,2,7,1934801143
565,4,10,18,27,40,45,38,8,1742064469
566,4,5,6,25,26,43,41,4,3508951032
567,1,10,15,16,32,41,28,6,2318659438
568,1,3,17,20,31,44,40,10,1305167550
569,3,6,13,23,24,35,1,4,3467925188
570,1,12,26,27,29,33,42,9,1527791625
571,11,18,21,26,38,43,29,7,1966538465
572,3,13,18,33,37,45,1,8,1668216188
573,2,4,20,34,35,43,14,8,1645691766
574,14,15,16,19,25,43,2,2,6965184938
575,2,8,20,30,33,34,6,8,1699267875
576,10,11,15,25,35,41,13,3,4321966000
577,16,17,22,31,34,37,33,3,4484438375
578,5,12,14,32,34,42,16,5,2796466575
579,5,7,20,22,37,42,39,11,1396068444
580,5,7,9,11,32,35,33,7,2028610500
581,3,5,14,20,42,44,33,8,1844554547
582,2,12,14,33,40,41,25,4,3560558719
583,8,17,27,33,40,44,24,11,1341848353
584,7,18,30,39,40,41,36,3,5033183250
585,6,7,10,16,38,41,4,9,1620546334
586,2,7,12,15,21,34,5,8,1778354344
587,14,21,29,31,32,37,17,3,4974577375
588,2,8,15,22,25,41,30,5,2889342075
589,6,8,28,33,38,39,22,7,2136877983
590,20,30,36,38,41,45,23,7,2185183983
591,8,13,14,30,38,39,5,5,2964676200
592,2,5,6,13,28,44,43,6,2356381688
593,9,10,13,24,33,38,28,9,1532833500
594,2,8,13,25,28,37,3,11,1255592796
595,8,24,28,35,38,40,5,8,1744525219
596,3,4,12,14,25,43,17,10,1328267663
597,8,10,23,24,35,43,37,13,1057920606
598,4,12,24,33,38,45,22,16,833998594
599,5,12,17,29,34,35,27,8,1710918329
600,5,11,14,27,29,36,44,15,901798725
601,2,16,19,31,34,35,37,9,1524565209
602,13,14,22,27,30,38,2,8,1689530860
603,2,19,25,26,27,43,28,4,3452136563
604,2,6,18,21,33,34,30,11,1229141557
605,1,2,7,9,10,38,42,9,1394232250
606,1,5,6,14,20,39,22,10,1311566850
607,8,14,23,36,38,39,13,4,3494480907
608,4,8,18,19,39,44,41,7,1943530018
609,4,8,27,34,39,40,13,2,6339311438
610,14,18,20,23,28,36,33,4,3516018375
611,2,22,27,33,36,37,14,4,3502706157
612,6,9,18,19,25,33,40,11,1181705250
613,7,8,11,16,41,44,35,9,1549831209
614,8,21,25,39,40,44,18,6,2540975438
615,10,17,18,19,23,27,35,9,1535062417
616,5,13,18,23,40,45,3,9,1611811250
617,4,5,11,12,24,27,28,8,1629701860
618,8,16,25,30,42,43,15,5,2881326225
619,6,8,13,30,35,40,21,3,4612479375
620,2,16,17,32,39,45,40,7,2028283233
621,1,2,6,16,19,42,9,6,2359723500
622,9,15,16,21,28,34,24,9,1630598292
623,7,13,30,39,41,45,25,8,1813702594
624,1,7,19,26,27,35,16,5,2763729450
625,3,6,7,20,21,39,13,5,2765184675
626,13,14,26,33,40,43,15,8,1717871110
627,2,9,22,25,31,45,12,10,1352230650
628,1,7,12,15,23,42,11,9,1499942875
629,19,28,31,38,43,44,1,5,2919433575
630,8,17,21,24,27,31,15,3,4836305500
631,1,2,4,23,31,34,8,4,3919853532
632,15,18,21,32,35,44,6,11,1432587716
633,9,12,19,20,39,41,13,12,1217257094
634,4,10,11,12,20,27,38,13,1077935106
635,11,13,25,26,29,33,32,8,1855587235
636,6,7,15,16,20,31,26,8,1832362219
637,3,16,22,37,38,44,23,4,3899241094
638,7,18,22,24,31,34,6,7,2229403179
639,6,15,22,23,25,32,40,4,4061185219
640,14,15,18,21,26,35,23,9,1728768834
641,11,18,21,36,37,43,12,8,1990074563
642,8,17,18,24,39,45,32,12,1251460438
643,15,24,31,32,33,40,13,6,2535763625
644,5,13,17,23,28,36,8,8,1831451204
645,1,4,16,26,40,41,31,4,3696297750
646,2,9,24,41,43,45,30,7,2215498393
647,5,16,21,23,24,30,29,7,2189725608
648,13,19,28,37,38,43,4,7,2120987947
649,3,21,22,33,41,42,20,5,2948042100
650,3,4,7,11,31,41,35,5,2849298900
651,11,12,16,26,29,44,18,8,1855306454
652,3,13,15,40,41,44,20,5,3003483525
653,5,6,26,27,38,39,1,14,980958670
654,16,21,26,31,36,43,6,8,1879301391
655,7,37,38,39,40,44,18,9,1661439625
656,3,7,14,16,31,40,39,2,7330002750
657,10,14,19,39,40,43,23,9,1694762792
658,8,19,25,28,32,36,37,9,1634031375
659,7,18,19,27,29,42,45,11,1336604216
660,4,9,23,33,39,44,14,10,1421272575
661,2,3,12,20,27,38,40,8,1713025547
662,5,6,9,11,15,37,26,8,1689733688
663,3,5,8,19,38,42,20,7,2080244143
664,10,20,33,36,41,44,5,10,1536801338
665,5,6,11,17,38,44,13,4,3643230375
666,2,4,6,11,17,28,16,6,2396901063
667,15,17,25,37,42,43,13,7,2228764393
668,12,14,15,24,27,32,3,5,2991158625
669,7,8,20,29,33,38,9,6,2708173188
670,11,18,26,27,40,41,25,12,1191725219
671,7,9,10,13,31,35,24,4,3722322844
672,8,21,28,31,36,45,43,9,1754745000
673,7,10,17,29,33,44,5,10,1491453300
674,9,10,14,25,27,31,11,8,1770565500
675,1,8,11,15,18,45,7,4,3514549032
676,1,8,17,34,39,45,27,8,1879726500
677,12,15,24,36,41,44,42,8,1921114407
678,4,5,6,12,25,37,45,6,2288490188
679,3,5,7,14,26,34,35,5,2863005600
680,4,10,19,29,32,42,30,14,1110570563
681,21,24,27,29,43,44,7,6,2696328938
682,17,23,27,35,38,43,2,4,4063713563
683,6,13,20,27,28,40,15,16,1010930883
684,1,11,15,17,25,39,40,9,1688815709
685,6,7,12,28,38,40,18,11,1494367671
686,7,12,15,24,25,43,13,8,1937531719
687,1,8,10,13,28,42,45,6,2720029313
688,5,15,22,23,34,35,2,9,1967536750
689,7,17,19,30,36,38,34,7,2321775911
690,24,25,33,34,38,39,43,15,1126507625
691,15,27,33,35,43,45,16,6,2839296750
692,3,11,14,15,32,36,44,7,2301273697
693,1,6,11,28,34,42,30,10,1642763813
694,7,15,20,25,33,43,12,10,1555036388
695,4,18,26,33,34,38,14,11,1450214830
696,1,7,16,18,34,38,21,10,1632054413
697,2,5,8,11,33,39,31,10,1531443038
698,3,11,13,21,33,37,18,8,1921084125
699,4,5,8,16,21,29,3,8,1995411375
700,11,23,28,29,30,44,13,8,2082099188
701,3,10,14,16,36,38,35,10,1583183175
702,3,13,16,24,26,29,9,11,1465091387
703,10,28,31,33,41,44,21,5,3235784100
704,1,4,8,23,33,42,45,4,3865190344
705,1,6,17,22,28,45,23,4,3987206532
706,3,4,6,10,28,30,37,4,3831746063
707,2,12,19,24,39,44,35,12,1322167313
708,2,10,16,19,34,45,1,4,4099552219
709,10,18,30,36,39,44,32,14,1165271625
710,3,4,9,24,25,33,10,5,2895441150
711,11,15,24,35,37,45,42,7,2277413358
712,17,20,30,31,33,45,19,4,4034485125
713,2,5,15,18,19,23,44,9,1714720917
714,1,7,22,33,37,40,20,7,2085131733
715,2,7,27,33,41,44,10,6,2605510438
716,2,6,13,16,29,30,21,12,1358752157
717,2,11,19,25,28,32,44,6,2702433688
718,4,11,20,23,32,39,40,17,926166464
719,4,8,13,19,20,43,26,9,1879581334
720,1,12,29,34,36,37,41,14,1233770358
721,1,28,35,41,43,44,31,8,2273767360
722,12,14,21,30,39,43,45,4,4365422719
723,20,30,33,35,36,44,22,8,2114365360
724,2,8,33,35,37,41,14,12,1427789813
725,6,7,19,21,41,43,38,11,1579217250
726,1,11,21,23,34,44,24,14,1166872634
727,7,8,10,19,21,31,20,14,1115107742
728,3,6,10,30,34,37,36,5,3243464400
729,11,17,21,26,36,45,16,4,4198250719
730,4,10,14,15,18,22,39,8,2017382110
731,2,7,13,25,42,45,39,7,2340471054
732,2,4,5,17,27,32,43,7,2203270608
733,11,24,32,33,35,40,13,4,4016725125
734,6,16,37,38,41,45,18,9,1949395500
735,5,10,13,27,37,41,4,10,1847231588
736,2,11,17,18,21,27,6,5,3397362225
737,13,15,18,24,27,41,11,4,4283061000
738,23,27,28,38,42,43,36,11,1634191091
739,7,22,29,33,34,35,30,4,4744122282
740,4,8,9,16,17,19,31,18,936929792
741,5,21,27,34,44,45,16,6,3043595938
742,8,10,13,36,37,40,6,16,1111814813
743,15,19,21,34,41,44,10,7,2608641000
744,10,15,18,21,34,41,43,15,1155411575
745,1,2,3,9,12,23,10,20,746822982
746,3,12,33,36,42,45,25,9,2038623709
747,7,9,12,14,23,28,17,9,1903214584
748,3,10,13,22,31,32,29,9,1928246542
749,12,14,24,26,34,45,41,13,1350104395
750,1,2,15,19,24,36,12,7,2522104286
751,3,4,16,20,28,44,17,8,2097968110
752,4,16,20,33,40,43,7,9,1870358834
753,2,17,19,24,37,41,3,6,2711105063
754,2,8,17,24,29,31,32,5,3427542000
755,13,14,26,28,30,36,37,8,2214427266
756,10,14,16,18,27,28,4,5,3414434700
757,6,7,11,17,33,44,1,21,739839858
758,5,9,12,30,39,43,24,8,2078969954
759,9,33,36,40,42,43,32,6,3032670500
760,10,22,27,31,42,43,12,8,2253299391
761,4,7,11,24,42,45,30,7,2392730518
762,1,3,12,21,26,41,16,10,1631432063
763,3,8,16,32,34,43,10,8,2138130000
764,7,22,24,31,34,36,15,7,2459975465
765,1,3,8,12,42,43,33,15,1109214250
766,9,30,34,35,39,41,21,8,2173637297
767,5,15,20,31,34,42,22,15,1163768725
768,7,27,29,30,38,44,4,13,1363572260
769,5,7,11,16,41,45,4,9,1930760042
770,1,9,12,23,39,43,34,8,2163099329
771,6,10,17,18,21,29,30,4,4362644907
772,5,6,11,14,21,41,32,10,1769608838
773,8,12,19,21,31,35,44,11,1609403080
774,12,15,18,28,34,42,9,11,1709721512
775,11,12,29,33,38,42,17,5,3470437650
776,8,9,18,21,28,40,20,7,2557579393
777,6,12,17,21,34,37,18,21,833468036
778,6,21,35,36,37,41,11,3,6264069500
779,6,12,19,24,34,41,4,11,1527709296
780,15,17,19,21,27,45,16,11,1667520137
781,11,16,18,19,24,39,43,9,1882891542
782,6,18,31,34,38,45,20,9,1946487625
783,14,15,16,17,38,45,36,4,4603964625
784,3,10,23,24,31,39,22,9,1908678000
785,4,6,15,25,26,33,40,6,2886622688
786,12,15,16,20,24,30,38,4,4551365250
787,5,6,13,16,27,28,9,6,3092108313
788,2,10,11,19,35,39,29,13,1401475154
789,2,6,7,12,19,45,38,15,1140976825
790,3,8,19,27,30,41,12,16,1160516274
791,2,10,12,31,33,42,32,14,1253081893
792,2,7,19,25,29,36,16,7,2655736768
793,10,15,21,35,38,43,31,5,3750146775
794,6,7,18,19,30,38,13,7,2650940304
795,3,10,13,26,34,38,36,11,1714977000
796,1,21,26,36,40,41,5,7,2763490340
797,5,22,31,32,39,45,36,8,2397028125
798,2,10,14,22,32,36,41,7,2710791911
799,12,17,23,34,42,45,33,10,1826427225
800,1,4,10,12,28,45,26,11,1632246205
801,17,25,28,37,43,44,2,8,2256786657
802,10,11,12,18,24,42,27,16,1082947993
803,5,9,14,26,30,43,2,5,3663810225
804,1,10,13,26,32,36,9,11,1631996523
805,3,12,13,18,31,32,42,4,4266061969
806,14,20,23,31,37,38,27,7,2640760875
