2011-10-04,buy,000120,CJ대한통운,62100
2011-10-10,sell,000120,CJ대한통운,68600
2013-10-16,buy,000120,CJ대한통운,89200
2013-12-26,sell,000120,CJ대한통운,98500
2016-12-01,buy,000120,CJ대한통운,178000
2016-12-13,sell,000120,CJ대한통운,182500
2016-12-26,buy,000120,CJ대한통운,177000
2012-07-12,buy,139480,이마트,235000
2012-07-31,sell,139480,이마트,260000
2012-10-15,buy,139480,이마트,226000
2012-12-21,sell,139480,이마트,236000
2013-03-04,buy,139480,이마트,216000
2013-05-30,sell,139480,이마트,200000
2013-06-07,buy,139480,이마트,189000
2013-07-08,sell,139480,이마트,209000
2014-10-02,buy,139480,이마트,219000
2014-12-02,sell,139480,이마트,224500
2015-12-09,buy,139480,이마트,196500
2016-03-14,sell,139480,이마트,179000
2016-08-19,buy,139480,이마트,157000
2016-11-09,sell,139480,이마트,174000
2011-09-23,buy,086790,하나금융지주,29100
2011-09-28,sell,086790,하나금융지주,32200
2012-10-10,buy,086790,하나금융지주,32000
2012-12-12,sell,086790,하나금융지주,35400
2014-10-21,buy,086790,하나금융지주,34250
2014-10-29,sell,086790,하나금융지주,37800
2014-12-01,buy,086790,하나금융지주,33050
2014-12-12,sell,086790,하나금융지주,32150
2015-01-05,buy,086790,하나금융지주,31350
2015-04-03,sell,086790,하나금융지주,28400
2015-04-06,buy,086790,하나금융지주,27950
2015-04-20,sell,086790,하나금융지주,30900
2015-08-24,buy,086790,하나금융지주,26500
2015-11-09,sell,086790,하나금융지주,27450
2015-11-16,buy,086790,하나금융지주,25850
2016-02-17,sell,086790,하나금융지주,22600
2011-02-17,buy,001680,대상,6890
2011-03-25,sell,001680,대상,7610
2014-12-01,buy,001680,대상,32150
2014-12-26,sell,001680,대상,35500
2015-08-21,buy,001680,대상,29150
2015-08-27,sell,001680,대상,32200
2016-04-04,buy,001680,대상,28750
2016-04-27,sell,001680,대상,29850
2016-06-16,buy,001680,대상,28200
2016-08-08,sell,001680,대상,31200
2016-11-01,buy,001680,대상,26800
2016-11-17,sell,001680,대상,29600
2010-05-07,buy,003410,쌍용양회,5960
2010-08-03,sell,003410,쌍용양회,5000
2010-08-04,buy,003410,쌍용양회,4930
2010-08-23,sell,003410,쌍용양회,5440
2011-08-08,buy,003410,쌍용양회,5230
2011-08-19,sell,003410,쌍용양회,5780
2011-09-22,buy,003410,쌍용양회,5010
2011-11-22,sell,003410,쌍용양회,4175
2011-11-24,buy,003410,쌍용양회,4165
2012-01-18,sell,003410,쌍용양회,4600
2012-06-01,buy,003410,쌍용양회,4005
2012-06-14,sell,003410,쌍용양회,4420
2016-09-20,buy,003410,쌍용양회,14550
2016-09-23,sell,003410,쌍용양회,16100
2016-12-23,buy,003410,쌍용양회,14450
2010-05-03,buy,008560,메리츠종금증권,1085
2010-07-29,sell,008560,메리츠종금증권,1015
2010-08-27,buy,008560,메리츠종금증권,955
2010-11-25,sell,008560,메리츠종금증권,937
2011-05-25,buy,008560,메리츠종금증권,904
2011-08-22,sell,008560,메리츠종금증권,770
2011-09-14,buy,008560,메리츠종금증권,750
2011-12-09,sell,008560,메리츠종금증권,697
2016-01-07,buy,008560,메리츠종금증권,3650
2016-04-07,sell,008560,메리츠종금증권,3450
2016-01-19,buy,033920,무학,34250
2016-04-19,sell,033920,무학,33700
2016-06-14,buy,033920,무학,26450
2016-09-08,sell,033920,무학,24850
2016-10-26,buy,033920,무학,22600
2016-11-15,sell,033920,무학,25000
2016-11-24,buy,033920,무학,21950
2016-01-04,buy,000030,우리은행,8600
2016-03-14,sell,000030,우리은행,9490
2012-05-21,buy,009420,한올바이오파마,6440
2012-06-01,sell,009420,한올바이오파마,7110
2013-06-14,buy,009420,한올바이오파마,6400
2013-08-02,sell,009420,한올바이오파마,7070
2013-12-03,buy,009420,한올바이오파마,4430
2014-01-02,sell,009420,한올바이오파마,4100
2014-02-04,buy,009420,한올바이오파마,3760
2014-02-12,sell,009420,한올바이오파마,4150
2014-06-24,buy,009420,한올바이오파마,3685
2014-06-30,sell,009420,한올바이오파마,4070
2012-06-13,buy,020150,일진머티리얼즈,10750
2012-08-16,sell,020150,일진머티리얼즈,11900
2012-11-12,buy,020150,일진머티리얼즈,8750
2012-12-04,sell,020150,일진머티리얼즈,8200
2012-12-10,buy,020150,일진머티리얼즈,7790
2012-12-12,sell,020150,일진머티리얼즈,8600
2013-02-05,buy,020150,일진머티리얼즈,7500
2013-02-15,sell,020150,일진머티리얼즈,8280
2014-10-06,buy,020150,일진머티리얼즈,8800
2014-12-22,sell,020150,일진머티리얼즈,7070
2015-01-06,buy,020150,일진머티리얼즈,6860
2015-02-02,sell,020150,일진머티리얼즈,7570
2015-08-21,buy,020150,일진머티리얼즈,6020
2015-09-17,sell,020150,일진머티리얼즈,6650
2014-05-15,buy,170900,동아에스티,96000
2014-06-12,sell,170900,동아에스티,106000
2014-10-30,buy,170900,동아에스티,94000
2015-01-02,sell,170900,동아에스티,88400
2016-08-30,buy,170900,동아에스티,105000
2016-09-21,sell,170900,동아에스티,116000
2016-10-07,buy,170900,동아에스티,102000
2016-12-15,sell,170900,동아에스티,91000
2012-04-25,buy,006120,SK케미칼,57600
2012-07-23,sell,006120,SK케미칼,59100
2013-04-09,buy,006120,SK케미칼,50100
2013-07-08,sell,006120,SK케미칼,38450
2013-07-09,buy,006120,SK케미칼,37900
2013-07-24,sell,006120,SK케미칼,41900
2016-09-12,buy,006120,SK케미칼,64100
2016-11-28,sell,006120,SK케미칼,61900
2011-08-09,buy,000660,SK하이닉스,20200
2011-09-21,sell,000660,SK하이닉스,22300
2015-07-06,buy,000660,SK하이닉스,40750
2015-08-21,sell,000660,SK하이닉스,32000
2015-08-24,buy,000660,SK하이닉스,31050
2015-08-27,sell,000660,SK하이닉스,34300
2015-10-30,buy,000660,SK하이닉스,30700
2015-11-26,sell,000660,SK하이닉스,33900
2015-12-11,buy,000660,SK하이닉스,29850
2015-12-23,sell,000660,SK하이닉스,33000
2016-01-11,buy,000660,SK하이닉스,28650
2016-03-03,sell,000660,SK하이닉스,31700
2016-05-09,buy,000660,SK하이닉스,25750
2016-05-10,sell,000660,SK하이닉스,26400
2010-05-25,buy,032640,LG유플러스,7340
2010-06-08,sell,032640,LG유플러스,8100
2010-11-11,buy,032640,LG유플러스,6950
2011-01-25,sell,032640,LG유플러스,6810
2011-01-27,buy,032640,LG유플러스,6790
2011-04-28,sell,032640,LG유플러스,6480
2011-08-03,buy,032640,LG유플러스,5200
2011-09-23,sell,032640,LG유플러스,5740
2014-05-29,buy,032640,LG유플러스,9500
2014-07-10,sell,032640,LG유플러스,9040
2014-07-14,buy,032640,LG유플러스,8930
2014-07-31,sell,032640,LG유플러스,9860
2016-02-11,buy,032640,LG유플러스,8920
2016-02-19,sell,032640,LG유플러스,9850
2012-05-18,buy,004990,롯데지주,1453000
2012-08-09,sell,004990,롯데지주,1604000
2012-11-16,buy,004990,롯데지주,1419000
2012-11-22,sell,004990,롯데지주,1476000
2016-05-19,buy,004990,롯데지주,247000
2016-08-16,sell,004990,롯데지주,189500
2016-08-18,buy,004990,롯데지주,180000
2016-11-17,sell,004990,롯데지주,188500
2016-03-08,buy,005610,SPC삼립,239500
2016-06-03,sell,005610,SPC삼립,203500
2016-06-07,buy,005610,SPC삼립,199000
2016-09-01,sell,005610,SPC삼립,184500
2016-10-26,buy,005610,SPC삼립,171500
2010-05-25,buy,004170,신세계,468000
2010-06-11,sell,004170,신세계,517000
2011-02-01,buy,004170,신세계,280000
2011-04-15,sell,004170,신세계,256000
2011-11-25,buy,004170,신세계,236500
2011-12-08,sell,004170,신세계,261000
2012-05-14,buy,004170,신세계,235500
2012-07-30,sell,004170,신세계,198000
2014-10-16,buy,004170,신세계,202000
2015-01-14,sell,004170,신세계,174500
2015-01-20,buy,004170,신세계,169000
2015-04-14,sell,004170,신세계,187000
2016-06-17,buy,004170,신세계,197500
2016-06-24,sell,004170,신세계,186000
2016-07-29,buy,004170,신세계,182000
2016-08-29,sell,004170,신세계,201000
2016-12-02,buy,004170,신세계,176000
2013-01-25,buy,011790,SKC,36750
2013-04-23,sell,011790,SKC,30500
2013-06-20,buy,011790,SKC,28300
2013-09-11,sell,011790,SKC,31300
2014-10-14,buy,011790,SKC,28300
2014-10-20,sell,011790,SKC,27750
2014-10-21,buy,011790,SKC,25500
2014-10-27,sell,011790,SKC,28200
2014-11-04,buy,011790,SKC,25050
2014-11-24,sell,011790,SKC,27700
2016-01-21,buy,011790,SKC,29700
2016-03-30,sell,011790,SKC,32800
2016-05-09,buy,011790,SKC,27400
2016-05-10,sell,011790,SKC,27450
2016-06-14,buy,011790,SKC,27200
2016-07-29,sell,011790,SKC,30100
2013-11-08,buy,003030,세아제강,84500
2014-02-07,sell,003030,세아제강,80500
2015-01-06,buy,003030,세아제강,77700
2015-02-26,sell,003030,세아제강,85800
2015-05-27,buy,003030,세아제강,74400
2015-07-06,sell,003030,세아제강,69100
2015-08-17,buy,003030,세아제강,65200
2015-09-11,sell,003030,세아제강,72000
2015-11-09,buy,003030,세아제강,61800
2016-01-12,sell,003030,세아제강,49800
2016-01-14,buy,003030,세아제강,49050
2016-02-16,sell,003030,세아제강,54200
2011-02-14,buy,051600,한전KPS,45400
2011-05-12,sell,051600,한전KPS,33400
2011-05-24,buy,051600,한전KPS,30750
2011-06-03,sell,051600,한전KPS,34000
2011-06-17,buy,051600,한전KPS,30650
2011-07-05,sell,051600,한전KPS,33900
2011-09-26,buy,051600,한전KPS,27550
2011-09-30,sell,051600,한전KPS,30400
2016-02-24,buy,051600,한전KPS,72800
2016-04-22,sell,051600,한전KPS,75600
2016-06-23,buy,051600,한전KPS,63200
2016-07-28,sell,051600,한전KPS,69800
2016-09-07,buy,051600,한전KPS,62900
2016-11-03,sell,051600,한전KPS,54500
2011-08-08,buy,000880,한화,41550
2011-11-04,sell,000880,한화,38850
2012-04-09,buy,000880,한화,30950
2012-07-09,sell,000880,한화,28200
2014-05-07,buy,000880,한화,28450
2014-08-04,sell,000880,한화,29050
2010-05-25,buy,014820,동원시스템즈,1180
2010-05-26,sell,014820,동원시스템즈,1310
2011-05-12,buy,014820,동원시스템즈,1235
2011-08-02,sell,014820,동원시스템즈,1370
2011-08-09,buy,014820,동원시스템즈,915
2011-08-11,sell,014820,동원시스템즈,1010
2011-11-18,buy,014820,동원시스템즈,910
2011-11-23,sell,014820,동원시스템즈,887
2011-11-24,buy,014820,동원시스템즈,881
2011-12-20,sell,014820,동원시스템즈,980
2016-06-14,buy,014820,동원시스템즈,67800
2016-08-16,sell,014820,동원시스템즈,65800
2016-08-31,buy,014820,동원시스템즈,59300
2016-11-10,sell,014820,동원시스템즈,65500
2016-04-21,buy,009240,한샘,191000
2016-07-19,sell,009240,한샘,177500
2016-08-31,buy,009240,한샘,147000
2016-09-20,sell,009240,한샘,163000
2010-04-30,buy,003850,보령제약,16000
2010-07-28,sell,003850,보령제약,15950
2011-09-05,buy,003850,보령제약,16750
2011-09-15,sell,003850,보령제약,18500
2011-09-26,buy,003850,보령제약,16150
2011-10-10,sell,003850,보령제약,17900
2011-11-18,buy,003850,보령제약,15950
2011-12-09,sell,003850,보령제약,17600
2012-04-19,buy,003850,보령제약,13700
2012-06-11,sell,003850,보령제약,12800
2010-05-03,buy,000720,현대건설,52300
2010-06-15,sell,000720,현대건설,57800
2011-09-23,buy,000720,현대건설,57300
2011-10-11,sell,000720,현대건설,63300
2013-06-20,buy,000720,현대건설,55400
2013-07-23,sell,000720,현대건설,59900
2013-08-22,buy,000720,현대건설,54100
2013-09-04,sell,000720,현대건설,59700
2014-03-14,buy,000720,현대건설,53700
2014-06-02,sell,000720,현대건설,53200
2014-06-05,buy,000720,현대건설,52800
2014-07-01,sell,000720,현대건설,58300
2014-10-24,buy,000720,현대건설,49350
2014-12-29,sell,000720,현대건설,42100
2015-01-06,buy,000720,현대건설,39500
2015-01-28,sell,000720,현대건설,43600
2015-07-24,buy,000720,현대건설,33500
2015-09-17,sell,000720,현대건설,37000
2015-12-08,buy,000720,현대건설,30300
2015-12-21,sell,000720,현대건설,28750
2016-01-04,buy,000720,현대건설,27650
2016-01-13,sell,000720,현대건설,30600
2012-07-25,buy,020000,한섬,22200
2012-08-07,sell,020000,한섬,24500
2014-05-07,buy,020000,한섬,24700
2014-06-27,sell,020000,한섬,27300
2016-11-25,buy,020000,한섬,37050
2016-12-21,sell,020000,한섬,35400
2016-12-22,buy,020000,한섬,35200
2010-05-06,buy,002380,KCC,299000
2010-08-02,sell,002380,KCC,305000
2011-08-08,buy,002380,KCC,285500
2011-11-07,sell,002380,KCC,253000
2015-06-11,buy,002380,KCC,490000
2015-07-16,sell,002380,KCC,541000
2015-08-10,buy,002380,KCC,401000
2015-10-05,sell,002380,KCC,424500
2016-12-29,buy,002380,KCC,359500
2012-05-21,buy,001120,LG상사,37100
2012-08-08,sell,001120,LG상사,41000
2013-06-21,buy,001120,LG상사,31600
2013-07-01,sell,001120,LG상사,31450
2013-07-05,buy,001120,LG상사,30400
2013-07-22,sell,001120,LG상사,33600
2013-10-28,buy,001120,LG상사,30300
2014-01-10,sell,001120,LG상사,29100
2014-03-14,buy,001120,LG상사,26550
2014-04-09,sell,001120,LG상사,29300
2014-09-26,buy,001120,LG상사,26350
2014-11-19,sell,001120,LG상사,29100
2016-11-09,buy,001120,LG상사,27000
2016-11-10,sell,001120,LG상사,29800
2012-05-17,buy,000670,영풍,820000
2012-06-14,sell,000670,영풍,905000
2014-03-13,buy,000670,영풍,1048000
2014-03-26,sell,000670,영풍,1157000
2015-11-10,buy,000670,영풍,1139000
2015-12-30,sell,000670,영풍,1097000
2016-01-04,buy,000670,영풍,1064000
2016-03-11,sell,000670,영풍,1174000
2010-05-25,buy,071050,한국금융지주,28750
2010-06-01,sell,071050,한국금융지주,31800
2011-08-22,buy,071050,한국금융지주,31100
2011-08-24,sell,071050,한국금융지주,34400
2011-09-14,buy,071050,한국금융지주,30200
2011-09-21,sell,071050,한국금융지주,33400
2014-03-10,buy,071050,한국금융지주,37000
2014-05-23,sell,071050,한국금융지주,39950
2016-01-04,buy,071050,한국금융지주,46950
2016-04-04,sell,071050,한국금융지주,43950
2013-06-24,buy,002790,아모레G,331000
2013-07-02,sell,002790,아모레G,366000
2015-09-08,buy,002790,아모레G,148500
2015-09-18,sell,002790,아모레G,164000
2015-11-18,buy,002790,아모레G,145000
2015-12-02,sell,002790,아모레G,160000
2015-12-14,buy,002790,아모레G,140500
2016-01-07,sell,002790,아모레G,156000
2016-01-18,buy,002790,아모레G,139500
2016-02-03,sell,002790,아모레G,154000
2016-02-17,buy,002790,아모레G,134500
2016-03-09,sell,002790,아모레G,138500
2016-11-21,buy,002790,아모레G,129000
2010-02-05,buy,017800,현대엘리베이,51500
2010-05-04,sell,017800,현대엘리베이,49800
2010-05-07,buy,017800,현대엘리베이,47800
2010-07-01,sell,017800,현대엘리베이,52800
2012-05-14,buy,017800,현대엘리베이,95000
2012-06-20,sell,017800,현대엘리베이,91100
2012-07-23,buy,017800,현대엘리베이,80000
2012-08-09,sell,017800,현대엘리베이,88300
2012-11-09,buy,017800,현대엘리베이,75700
2012-12-03,sell,017800,현대엘리베이,83600
2013-06-04,buy,017800,현대엘리베이,73800
2013-06-10,sell,017800,현대엘리베이,81500
2013-06-17,buy,017800,현대엘리베이,61800
2013-07-31,sell,017800,현대엘리베이,60600
2013-11-15,buy,017800,현대엘리베이,52300
2014-02-17,sell,017800,현대엘리베이,39950
2014-02-20,buy,017800,현대엘리베이,38900
2014-03-13,sell,017800,현대엘리베이,43000
2014-05-20,buy,017800,현대엘리베이,37850
2014-07-28,sell,017800,현대엘리베이,38750
2016-01-08,buy,017800,현대엘리베이,46750
2016-02-01,sell,017800,현대엘리베이,51600
2016-02-11,buy,017800,현대엘리베이,40900
2016-02-25,sell,017800,현대엘리베이,45200
2011-09-28,buy,079160,CJ CGV,23700
2011-10-28,sell,079160,CJ CGV,26200
2016-07-05,buy,079160,CJ CGV,95500
2016-08-31,sell,079160,CJ CGV,82500
2016-10-07,buy,079160,CJ CGV,80100
2010-05-20,buy,010120,LS산전,67000
2010-06-23,sell,010120,LS산전,74000
2011-08-05,buy,010120,LS산전,67000
2011-10-05,sell,010120,LS산전,46000
2013-06-25,buy,010120,LS산전,53700
2013-07-09,sell,010120,LS산전,59300
2014-08-13,buy,010120,LS산전,61100
2014-11-03,sell,010120,LS산전,63800
2014-12-11,buy,010120,LS산전,57800
2015-03-16,sell,010120,LS산전,59200
2015-05-04,buy,010120,LS산전,56900
2015-07-30,sell,010120,LS산전,51700
2015-08-20,buy,010120,LS산전,44400
2015-10-22,sell,010120,LS산전,49000
2016-01-15,buy,010120,LS산전,41000
2016-02-17,sell,010120,LS산전,39000
2016-05-02,buy,028260,삼성물산,128000
2016-07-28,sell,028260,삼성물산,138000
2010-01-29,buy,010060,OCI,174000
2010-03-19,sell,010060,OCI,192000
2011-08-18,buy,010060,OCI,288000
2011-08-29,sell,010060,OCI,318000
2011-09-14,buy,010060,OCI,246000
2011-09-16,sell,010060,OCI,272000
2011-09-23,buy,010060,OCI,241000
2011-10-25,sell,010060,OCI,207000
2012-09-24,buy,010060,OCI,187500
2012-12-21,sell,010060,OCI,167000
2013-04-18,buy,010060,OCI,141500
2013-07-17,sell,010060,OCI,151500
2014-07-14,buy,010060,OCI,154500
2014-10-15,sell,010060,OCI,95600
2014-10-16,buy,010060,OCI,89500
2014-10-30,sell,010060,OCI,98800
2014-11-04,buy,010060,OCI,81500
2014-11-12,sell,010060,OCI,90000
2014-12-11,buy,010060,OCI,79500
2015-02-10,sell,010060,OCI,87800
2016-01-07,buy,010060,OCI,71600
2016-01-19,sell,010060,OCI,62500
2016-01-20,buy,010060,OCI,62000
2016-02-04,sell,010060,OCI,68500
2010-12-06,buy,114090,GKL,18250
2010-12-15,sell,114090,GKL,20200
2011-03-09,buy,114090,GKL,18150
2011-05-26,sell,114090,GKL,17400
2014-12-04,buy,114090,GKL,35400
2015-01-19,sell,114090,GKL,39100
2015-06-19,buy,114090,GKL,31650
2015-08-05,sell,114090,GKL,31750
2015-08-21,buy,114090,GKL,27800
2015-08-28,sell,114090,GKL,30700
2015-11-11,buy,114090,GKL,26650
2016-02-03,sell,114090,GKL,22450
2016-12-05,buy,114090,GKL,20500
2011-08-23,buy,029780,삼성카드,50000
2011-11-18,sell,029780,삼성카드,40650
2011-12-13,buy,029780,삼성카드,39250
2012-01-31,sell,029780,삼성카드,43400
2012-04-09,buy,029780,삼성카드,37000
2012-05-23,sell,029780,삼성카드,31350
2012-06-08,buy,029780,삼성카드,31000
2012-07-04,sell,029780,삼성카드,34300
2014-01-09,buy,029780,삼성카드,35250
2014-03-14,sell,029780,삼성카드,33100
2015-08-24,buy,029780,삼성카드,34950
2015-10-23,sell,029780,삼성카드,38600
2015-11-16,buy,029780,삼성카드,33350
2015-12-15,sell,029780,삼성카드,31850
2016-01-04,buy,029780,삼성카드,30100
2016-01-28,sell,029780,삼성카드,33300
2011-02-10,buy,030200,KT,40850
2011-05-09,sell,030200,KT,39650
2011-05-27,buy,030200,KT,37450
2011-08-24,sell,030200,KT,37400
2012-01-06,buy,030200,KT,33700
2012-04-05,sell,030200,KT,30650
2012-04-06,buy,030200,KT,30600
2012-07-06,sell,030200,KT,30750
2013-11-05,buy,030200,KT,33200
2014-02-05,sell,030200,KT,30350
2014-02-19,buy,030200,KT,29750
2014-04-10,sell,030200,KT,32900
2015-06-29,buy,030200,KT,28400
2015-08-03,sell,030200,KT,31400
2015-12-29,buy,030200,KT,28350
2016-01-04,sell,030200,KT,28000
2016-01-07,buy,030200,KT,27750
2016-04-07,sell,030200,KT,30200
2010-05-20,buy,066570,LG전자,101000
2010-08-16,sell,066570,LG전자,103000
2011-06-08,buy,066570,LG전자,90800
2011-09-02,sell,066570,LG전자,63100
2013-10-04,buy,066570,LG전자,67200
2014-01-03,sell,066570,LG전자,66100
2014-02-03,buy,066570,LG전자,63800
2014-04-16,sell,066570,LG전자,70400
2014-12-18,buy,066570,LG전자,58400
2015-01-06,sell,066570,LG전자,60100
2015-04-02,buy,066570,LG전자,58000
2015-07-01,sell,066570,LG전자,47800
2015-07-06,buy,066570,LG전자,46050
2015-10-02,sell,066570,LG전자,45000
2016-11-04,buy,066570,LG전자,47100
2016-12-28,sell,066570,LG전자,52000
2010-05-20,buy,017670,SK텔레콤,165000
2010-08-16,sell,017670,SK텔레콤,165000
2011-02-17,buy,017670,SK텔레콤,157000
2011-05-18,sell,017670,SK텔레콤,165000
2011-06-09,buy,017670,SK텔레콤,155500
2011-09-05,sell,017670,SK텔레콤,154500
2012-05-18,buy,017670,SK텔레콤,128500
2012-07-24,sell,017670,SK텔레콤,142000
2015-07-27,buy,017670,SK텔레콤,237000
2015-08-20,sell,017670,SK텔레콤,258000
2015-11-03,buy,017670,SK텔레콤,230000
2016-02-01,sell,017670,SK텔레콤,216000
2016-10-07,buy,079550,LIG넥스원,80400
2012-05-14,buy,036570,엔씨소프트,246500
2012-06-07,sell,036570,엔씨소프트,272000
2012-07-16,buy,036570,엔씨소프트,209000
2012-08-02,sell,036570,엔씨소프트,231000
2012-10-26,buy,036570,엔씨소프트,202500
2012-12-12,sell,036570,엔씨소프트,156000
2013-01-10,buy,036570,엔씨소프트,142000
2013-03-25,sell,036570,엔씨소프트,157000
2014-07-17,buy,036570,엔씨소프트,155500
2014-08-04,sell,036570,엔씨소프트,159000
2014-08-12,buy,036570,엔씨소프트,147000
2014-11-07,sell,036570,엔씨소프트,163000
2016-03-04,buy,049770,동원F&B,285500
2016-03-11,sell,049770,동원F&B,315000
2016-05-23,buy,049770,동원F&B,284500
2016-06-07,sell,049770,동원F&B,314000
2016-06-14,buy,049770,동원F&B,282500
2016-08-19,sell,049770,동원F&B,217000
2016-08-23,buy,049770,동원F&B,213000
2016-10-11,sell,049770,동원F&B,236000
2016-11-02,buy,049770,동원F&B,194000
2016-11-15,sell,049770,동원F&B,215000
2010-05-06,buy,047040,대우건설,10150
2010-08-02,sell,047040,대우건설,10000
2011-06-10,buy,047040,대우건설,9420
2011-06-29,sell,047040,대우건설,10400
2011-09-23,buy,047040,대우건설,9230
2011-10-21,sell,047040,대우건설,10190
2013-04-12,buy,047040,대우건설,8070
2013-05-29,sell,047040,대우건설,7950
2013-06-19,buy,047040,대우건설,7330
2013-09-09,sell,047040,대우건설,8090
2014-01-06,buy,047040,대우건설,6730
2014-01-13,sell,047040,대우건설,6620
2014-01-14,buy,047040,대우건설,6370
2014-02-05,sell,047040,대우건설,7030
2014-12-11,buy,047040,대우건설,5740
2015-01-29,sell,047040,대우건설,6340
2016-01-12,buy,047040,대우건설,5120
2016-01-18,sell,047040,대우건설,5650
2016-12-19,buy,047040,대우건설,5110
2012-03-12,buy,115390,락앤락,29800
2012-03-15,sell,115390,락앤락,32900
2012-04-09,buy,115390,락앤락,28650
2012-05-07,sell,115390,락앤락,31700
2012-07-26,buy,115390,락앤락,27200
2012-09-24,sell,115390,락앤락,25400
2012-10-26,buy,115390,락앤락,22100
2012-11-20,sell,115390,락앤락,24400
2013-06-19,buy,115390,락앤락,20000
2013-07-05,sell,115390,락앤락,22100
2014-02-05,buy,115390,락앤락,18100
2014-03-25,sell,115390,락앤락,16200
2014-04-29,buy,115390,락앤락,15600
2014-07-30,sell,115390,락앤락,13350
2014-08-13,buy,115390,락앤락,11850
2014-09-04,sell,115390,락앤락,13100
2014-10-01,buy,115390,락앤락,11500
2014-10-14,sell,115390,락앤락,12700
2014-10-24,buy,115390,락앤락,11450
2014-12-10,sell,115390,락앤락,12700
2015-01-16,buy,115390,락앤락,10200
2015-01-29,sell,115390,락앤락,10450
2015-02-23,buy,115390,락앤락,10000
2015-03-03,sell,115390,락앤락,11100
2010-05-25,buy,009290,광동제약,2550
2010-06-11,sell,009290,광동제약,2820
2015-12-09,buy,009290,광동제약,10150
2015-12-30,sell,009290,광동제약,11200
2016-05-02,buy,009290,광동제약,10050
2016-06-09,sell,009290,광동제약,11100
2016-06-24,buy,009290,광동제약,9530
2016-07-12,sell,009290,광동제약,9980
2016-07-27,buy,009290,광동제약,9460
2016-10-27,sell,009290,광동제약,8600
2016-10-31,buy,009290,광동제약,8270
2013-05-08,buy,078520,에이블씨엔씨,53600
2013-08-02,sell,078520,에이블씨엔씨,38550
2013-08-28,buy,078520,에이블씨엔씨,35250
2013-09-13,sell,078520,에이블씨엔씨,38900
2013-10-11,buy,078520,에이블씨엔씨,34900
2013-12-20,sell,078520,에이블씨엔씨,30000
2014-01-13,buy,078520,에이블씨엔씨,26650
2014-01-17,sell,078520,에이블씨엔씨,29500
2014-01-27,buy,078520,에이블씨엔씨,26600
2014-02-14,sell,078520,에이블씨엔씨,29400
2014-05-19,buy,078520,에이블씨엔씨,23850
2014-07-11,sell,078520,에이블씨엔씨,26400
2015-06-12,buy,078520,에이블씨엔씨,20400
2015-06-23,sell,078520,에이블씨엔씨,22600
2016-11-21,buy,078520,에이블씨엔씨,20500
2016-11-28,sell,078520,에이블씨엔씨,20250
2016-12-06,buy,078520,에이블씨엔씨,19400
2016-12-16,sell,078520,에이블씨엔씨,21500
2010-04-28,buy,034120,SBS,36300
2010-06-03,sell,034120,SBS,40100
2010-07-02,buy,034120,SBS,33000
2010-08-25,sell,034120,SBS,29400
2010-08-26,buy,034120,SBS,28000
2010-10-11,sell,034120,SBS,30900
2011-01-03,buy,034120,SBS,27250
2011-02-22,sell,034120,SBS,26250
2013-10-18,buy,034120,SBS,35250
2013-10-28,sell,034120,SBS,38900
2014-04-24,buy,034120,SBS,34350
2014-07-18,sell,034120,SBS,27800
2014-08-27,buy,034120,SBS,27400
2014-11-27,sell,034120,SBS,27450
2016-02-23,buy,034120,SBS,31450
2016-05-24,sell,034120,SBS,28050
2016-06-09,buy,034120,SBS,27450
2016-09-05,sell,034120,SBS,23900
2010-05-11,buy,030000,제일기획,13050
2010-08-05,sell,030000,제일기획,11800
2010-08-11,buy,030000,제일기획,11600
2010-09-01,sell,030000,제일기획,12800
2014-06-12,buy,030000,제일기획,22150
2014-08-19,sell,030000,제일기획,21650
2014-10-24,buy,030000,제일기획,18400
2014-11-27,sell,030000,제일기획,20400
2016-02-26,buy,030000,제일기획,16700
2016-04-22,sell,030000,제일기획,17250
2016-05-19,buy,030000,제일기획,15800
2016-07-15,sell,030000,제일기획,17500
2016-09-12,buy,030000,제일기획,15150
2016-10-18,sell,030000,제일기획,16800
2016-11-24,buy,030000,제일기획,14850
2016-11-25,sell,030000,제일기획,14850
2016-11-28,buy,030000,제일기획,14750
2012-05-16,buy,001430,세아베스틸,43000
2012-08-10,sell,001430,세아베스틸,33250
2012-10-23,buy,001430,세아베스틸,30600
2013-01-22,sell,001430,세아베스틸,26450
2014-01-06,buy,001430,세아베스틸,24350
2014-03-25,sell,001430,세아베스틸,26900
2016-01-13,buy,001430,세아베스틸,26600
2016-01-25,sell,001430,세아베스틸,24300
2016-01-26,buy,001430,세아베스틸,23550
2016-02-01,sell,001430,세아베스틸,26000
2016-10-31,buy,001430,세아베스틸,23200
2016-11-21,sell,001430,세아베스틸,25600
2012-06-08,buy,005830,동부화재,42250
2012-09-03,sell,005830,동부화재,46700
2015-03-11,buy,005830,동부화재,48200
2015-03-12,sell,005830,동부화재,47900
2015-04-09,buy,005830,동부화재,46700
2015-04-16,sell,005830,동부화재,51600
2011-09-19,buy,103140,풍산,31800
2011-10-28,sell,103140,풍산,35100
2012-06-04,buy,103140,풍산,22850
2012-06-07,sell,103140,풍산,25300
2013-06-24,buy,103140,풍산,22650
2013-07-23,sell,103140,풍산,25000
2015-01-06,buy,103140,풍산,23950
2015-01-22,sell,103140,풍산,24800
2015-01-30,buy,103140,풍산,22750
2015-02-26,sell,103140,풍산,25200
2012-06-04,buy,001450,현대해상,27850
2012-07-19,sell,001450,현대해상,30800
2013-08-28,buy,001450,현대해상,29000
2013-10-15,sell,001450,현대해상,28450
2013-10-16,buy,001450,현대해상,28100
2013-10-30,sell,001450,현대해상,31100
2014-07-14,buy,001450,현대해상,27900
2014-08-01,sell,001450,현대해상,30800
2014-10-16,buy,001450,현대해상,27800
2014-12-10,sell,001450,현대해상,25600
2015-01-21,buy,001450,현대해상,25350
2015-04-21,sell,001450,현대해상,25950
2010-05-20,buy,001230,동국제강,20550
2010-06-21,sell,001230,동국제강,22700
2011-09-23,buy,001230,동국제강,22650
2011-10-25,sell,001230,동국제강,25000
2012-04-23,buy,001230,동국제강,19850
2012-05-23,sell,001230,동국제강,15850
2012-05-24,buy,001230,동국제강,15750
2012-08-22,sell,001230,동국제강,16250
2012-11-15,buy,001230,동국제강,12800
2012-12-20,sell,001230,동국제강,14200
2013-02-06,buy,001230,동국제강,12200
2013-04-03,sell,001230,동국제강,11500
2013-04-04,buy,001230,동국제강,11250
2013-05-21,sell,001230,동국제강,12500
2014-04-24,buy,001230,동국제강,9850
2014-06-13,sell,001230,동국제강,7820
2014-06-16,buy,001230,동국제강,7720
2014-09-15,sell,001230,동국제강,7070
2014-09-25,buy,001230,동국제강,6820
2014-12-23,sell,001230,동국제강,5940
2015-01-21,buy,001230,동국제강,5590
2015-02-26,sell,001230,동국제강,6170
2015-05-21,buy,001230,동국제강,5440
2015-07-07,sell,001230,동국제강,6010
2016-01-20,buy,001230,동국제강,4845
2016-02-01,sell,001230,동국제강,5040
2012-06-01,buy,035720,카카오,99300
2012-07-24,sell,035720,카카오,109600
2012-10-26,buy,035720,카카오,90900
2012-11-30,sell,035720,카카오,84900
2013-04-15,buy,035720,카카오,82300
2013-04-23,sell,035720,카카오,90900
2013-06-05,buy,035720,카카오,81200
2013-08-06,sell,035720,카카오,89600
2014-01-27,buy,035720,카카오,77900
2014-02-18,sell,035720,카카오,76400
2014-02-20,buy,035720,카카오,75900
2014-05-21,sell,035720,카카오,71600
2016-02-12,buy,035720,카카오,92800
2016-03-04,sell,035720,카카오,102400
2016-06-16,buy,035720,카카오,91200
2016-08-24,sell,035720,카카오,82500
2016-08-29,buy,035720,카카오,79300
2016-11-28,sell,035720,카카오,79400
2011-02-15,buy,007310,오뚜기,125000
2011-03-24,sell,007310,오뚜기,138000
2016-07-26,buy,007310,오뚜기,787000
2016-09-19,sell,007310,오뚜기,697000
2016-10-26,buy,007310,오뚜기,662000
2016-11-16,sell,007310,오뚜기,731000
2010-05-07,buy,036460,한국가스공사,43800
2010-08-03,sell,036460,한국가스공사,43900
2011-02-11,buy,036460,한국가스공사,39150
2011-05-12,sell,036460,한국가스공사,35500
2011-08-08,buy,036460,한국가스공사,31050
2011-08-22,sell,036460,한국가스공사,34300
2014-09-29,buy,036460,한국가스공사,54000
2014-12-15,sell,036460,한국가스공사,49900
2014-12-16,buy,036460,한국가스공사,49050
2015-03-19,sell,036460,한국가스공사,41500
2015-03-25,buy,036460,한국가스공사,40650
2015-04-23,sell,036460,한국가스공사,44900
2015-08-21,buy,036460,한국가스공사,37200
2015-09-10,sell,036460,한국가스공사,41100
2016-01-07,buy,036460,한국가스공사,35450
2016-02-19,sell,036460,한국가스공사,37200
2011-02-15,buy,000640,동아쏘시오홀딩스,100500
2011-03-11,sell,000640,동아쏘시오홀딩스,111000
2011-05-20,buy,000640,동아쏘시오홀딩스,94600
2011-07-22,sell,000640,동아쏘시오홀딩스,95600
2012-03-07,buy,000640,동아쏘시오홀딩스,83100
2012-06-05,sell,000640,동아쏘시오홀딩스,75000
2015-01-23,buy,000640,동아쏘시오홀딩스,108500
2015-01-29,sell,000640,동아쏘시오홀딩스,120000
2016-10-31,buy,000640,동아쏘시오홀딩스,145000
2016-12-28,sell,000640,동아쏘시오홀딩스,160000
2016-11-23,buy,027410,BGF리테일,82600
2016-12-01,sell,027410,BGF리테일,91200
2011-09-26,buy,078930,GS,53500
2011-09-28,sell,078930,GS,59100
2011-10-04,buy,078930,GS,51700
2011-10-11,sell,078930,GS,57100
2013-06-20,buy,078930,GS,50500
2013-07-22,sell,078930,GS,55800
2014-02-07,buy,078930,GS,47900
2014-03-27,sell,078930,GS,47400
2014-05-08,buy,078930,GS,46800
2014-08-05,sell,078930,GS,46600
2014-09-11,buy,078930,GS,41500
2014-12-09,sell,078930,GS,40850
2015-01-05,buy,078930,GS,39100
2015-02-02,sell,078930,GS,43200
2011-09-14,buy,024110,기업은행,14000
2011-10-28,sell,024110,기업은행,15500
2012-01-04,buy,024110,기업은행,11450
2012-01-20,sell,024110,기업은행,12700
2012-11-19,buy,024110,기업은행,11150
2012-12-14,sell,024110,기업은행,11800
2013-06-25,buy,024110,기업은행,10800
2013-09-23,sell,024110,기업은행,12000
2015-12-30,buy,024110,기업은행,12350
2016-01-05,sell,024110,기업은행,12400
2016-01-07,buy,024110,기업은행,11950
2016-04-07,sell,024110,기업은행,11800
2011-03-15,buy,052690,한전기술,68700
2011-03-21,sell,052690,한전기술,75800
2011-04-26,buy,052690,한전기술,68200
2011-07-19,sell,052690,한전기술,69000
2011-09-23,buy,052690,한전기술,51200
2011-10-07,sell,052690,한전기술,56500
2012-10-26,buy,052690,한전기술,64000
2013-01-02,sell,052690,한전기술,70700
2013-10-17,buy,052690,한전기술,55000
2013-10-31,sell,052690,한전기술,56300
2013-11-06,buy,052690,한전기술,54000
2013-11-22,sell,052690,한전기술,59600
2014-05-22,buy,052690,한전기술,53800
2014-08-04,sell,052690,한전기술,56800
2015-01-16,buy,052690,한전기술,46150
2015-03-04,sell,052690,한전기술,51000
2015-04-30,buy,052690,한전기술,41700
2015-06-18,sell,052690,한전기술,42700
2015-07-23,buy,052690,한전기술,36000
2015-10-22,sell,052690,한전기술,29600
2016-11-01,buy,052690,한전기술,24650
2011-03-10,buy,011070,LG이노텍,115500
2011-06-07,sell,011070,LG이노텍,96000
2011-06-08,buy,011070,LG이노텍,94600
2011-09-02,sell,011070,LG이노텍,69500
2011-09-05,buy,011070,LG이노텍,64400
2011-09-21,sell,011070,LG이노텍,71100
2011-09-26,buy,011070,LG이노텍,56200
2011-09-29,sell,011070,LG이노텍,62100
2013-02-05,buy,011070,LG이노텍,70400
2013-03-20,sell,011070,LG이노텍,77700
2015-07-29,buy,011070,LG이노텍,80600
2015-08-28,sell,011070,LG이노텍,89000
2016-03-28,buy,011070,LG이노텍,77900
2016-03-30,sell,011070,LG이노텍,79300
2016-04-27,buy,011070,LG이노텍,77400
2016-05-25,sell,011070,LG이노텍,85400
2011-04-28,buy,009150,삼성전기,108000
2011-07-26,sell,009150,삼성전기,89900
2011-07-28,buy,009150,삼성전기,87400
2011-10-27,sell,009150,삼성전기,87100
2013-06-25,buy,009150,삼성전기,83200
2013-09-24,sell,009150,삼성전기,83100
2013-11-11,buy,009150,삼성전기,76500
2014-02-11,sell,009150,삼성전기,64700
2014-06-03,buy,009150,삼성전기,62800
2014-09-01,sell,009150,삼성전기,55100
2014-09-03,buy,009150,삼성전기,52900
2014-11-26,sell,009150,삼성전기,58400
2016-06-27,buy,009150,삼성전기,49300
2016-07-06,sell,009150,삼성전기,48200
2016-07-08,buy,009150,삼성전기,46700
2016-07-14,sell,009150,삼성전기,51600
2016-11-01,buy,009150,삼성전기,46550
2011-10-04,buy,006650,대한유화,71900
2011-10-11,sell,006650,대한유화,79400
2012-05-18,buy,006650,대한유화,66600
2012-07-05,sell,006650,대한유화,73500
2012-10-05,buy,006650,대한유화,61100
2012-11-09,sell,006650,대한유화,49600
2012-11-13,buy,006650,대한유화,47650
2012-12-12,sell,006650,대한유화,52600
2011-02-11,buy,028670,팬오션,10500
2011-05-11,sell,028670,팬오션,8520
2011-05-12,buy,028670,팬오션,8300
2011-08-08,sell,028670,팬오션,6860
2011-08-09,buy,028670,팬오션,5900
2011-08-10,sell,028670,팬오션,6510
2011-11-23,buy,028670,팬오션,5780
2011-12-01,sell,028670,팬오션,6380
2011-12-19,buy,028670,팬오션,5330
2011-12-23,sell,028670,팬오션,5890
2012-05-15,buy,028670,팬오션,5300
2012-07-31,sell,028670,팬오션,3915
2012-09-05,buy,028670,팬오션,3510
2012-09-17,sell,028670,팬오션,3880
2012-10-26,buy,028670,팬오션,3500
2012-12-13,sell,028670,팬오션,3870
2013-05-20,buy,028670,팬오션,2585
2013-05-24,sell,028670,팬오션,2860
2013-06-05,buy,028670,팬오션,2565
2013-07-12,sell,028670,팬오션,1485
2013-10-29,buy,028670,팬오션,1235
2013-11-06,sell,028670,팬오션,1370
2013-11-15,buy,028670,팬오션,1075
2014-01-27,sell,028670,팬오션,1190
2016-02-12,buy,028670,팬오션,2860
2016-02-19,sell,028670,팬오션,3160
2013-02-21,buy,047810,한국항공우주,24100
2013-04-22,sell,047810,한국항공우주,26600
2016-05-19,buy,047810,한국항공우주,62800
2016-06-07,sell,047810,한국항공우주,69300
2016-11-01,buy,047810,한국항공우주,62200
2016-11-10,sell,047810,한국항공우주,68700
2011-08-26,buy,005180,빙그레,50700
2011-10-28,sell,005180,빙그레,56000
2013-08-22,buy,005180,빙그레,88100
2013-09-13,sell,005180,빙그레,97300
2013-10-14,buy,005180,빙그레,87500
2013-10-18,sell,005180,빙그레,85700
2013-11-14,buy,005180,빙그레,84600
2013-11-28,sell,005180,빙그레,93400
2014-05-30,buy,005180,빙그레,84000
2014-08-14,sell,005180,빙그레,81500
2014-12-30,buy,005180,빙그레,75400
2015-04-01,sell,005180,빙그레,81700
2015-09-04,buy,005180,빙그레,66800
2015-09-30,sell,005180,빙그레,73800
2015-11-16,buy,005180,빙그레,65300
2016-01-22,sell,005180,빙그레,72100
2016-07-11,buy,005180,빙그레,64000
2016-07-12,sell,005180,빙그레,63900
2016-07-18,buy,005180,빙그레,63800
2016-10-18,sell,005180,빙그레,64000
2014-12-30,buy,138930,BNK금융지주,14500
2015-03-31,sell,138930,BNK금융지주,15200
2015-07-22,buy,138930,BNK금융지주,13450
2015-08-05,sell,138930,BNK금융지주,14900
2015-11-16,buy,138930,BNK금융지주,12600
2016-02-01,sell,138930,BNK금융지주,9090
2012-05-18,buy,018880,한온시스템,19850
2012-06-19,sell,018880,한온시스템,22000
2015-03-24,buy,018880,한온시스템,39400
2015-04-23,sell,018880,한온시스템,43500
2015-05-27,buy,018880,한온시스템,36400
2015-06-24,sell,018880,한온시스템,39300
2016-02-17,buy,018880,한온시스템,9600
2016-05-04,sell,018880,한온시스템,10600
2010-04-28,buy,108670,LG하우시스,95100
2010-07-26,sell,108670,LG하우시스,102000
2010-11-02,buy,108670,LG하우시스,86000
2011-01-27,sell,108670,LG하우시스,83000
2011-01-31,buy,108670,LG하우시스,81800
2011-05-02,sell,108670,LG하우시스,80200
2011-08-12,buy,108670,LG하우시스,68900
2011-10-20,sell,108670,LG하우시스,76100
2012-04-27,buy,108670,LG하우시스,64100
2012-05-23,sell,108670,LG하우시스,58300
2012-05-24,buy,108670,LG하우시스,58200
2012-06-14,sell,108670,LG하우시스,64300
2015-06-15,buy,108670,LG하우시스,136500
2015-06-18,sell,108670,LG하우시스,151000
2016-01-26,buy,108670,LG하우시스,127500
2016-03-29,sell,108670,LG하우시스,141000
2016-07-11,buy,108670,LG하우시스,117500
2016-07-20,sell,108670,LG하우시스,121500
2016-08-19,buy,108670,LG하우시스,116500
2016-11-18,sell,108670,LG하우시스,94600
2016-12-05,buy,108670,LG하우시스,87900
2016-12-09,sell,108670,LG하우시스,97000
2011-09-23,buy,047050,포스코대우,31050
2011-12-19,sell,047050,포스코대우,27700
2014-06-03,buy,047050,포스코대우,30400
2014-06-10,sell,047050,포스코대우,33600
2014-12-01,buy,047050,포스코대우,30000
2015-03-02,sell,047050,포스코대우,29250
2015-03-12,buy,047050,포스코대우,27350
2015-04-15,sell,047050,포스코대우,30200
2015-06-05,buy,047050,포스코대우,25000
2015-07-29,sell,047050,포스코대우,20150
2015-08-10,buy,047050,포스코대우,19950
2015-08-31,sell,047050,포스코대우,22100
2015-11-13,buy,047050,포스코대우,18950
2016-01-25,sell,047050,포스코대우,13950
2010-05-14,buy,005440,현대그린푸드,9200
2010-07-15,sell,005440,현대그린푸드,10160
2014-03-07,buy,005440,현대그린푸드,16050
2014-04-03,sell,005440,현대그린푸드,17000
2016-06-15,buy,005440,현대그린푸드,18400
2016-09-09,sell,005440,현대그린푸드,17000
2016-09-30,buy,005440,현대그린푸드,16100
2016-12-27,sell,005440,현대그린푸드,15350
2016-12-28,buy,005440,현대그린푸드,15200
2011-09-23,buy,023530,롯데쇼핑,367000
2011-10-25,sell,023530,롯데쇼핑,405000
2011-11-16,buy,023530,롯데쇼핑,362000
2012-01-12,sell,023530,롯데쇼핑,348000
2012-05-18,buy,023530,롯데쇼핑,309000
2012-08-16,sell,023530,롯데쇼핑,315000
2014-03-04,buy,023530,롯데쇼핑,334000
2014-06-02,sell,023530,롯데쇼핑,296500
2014-06-03,buy,023530,롯데쇼핑,293000
2014-08-14,sell,023530,롯데쇼핑,324000
2014-11-04,buy,023530,롯데쇼핑,285500
2014-11-20,sell,023530,롯데쇼핑,295000
2014-12-11,buy,023530,롯데쇼핑,279000
2015-03-16,sell,023530,롯데쇼핑,235000
2015-04-02,buy,023530,롯데쇼핑,232000
2015-04-14,sell,023530,롯데쇼핑,256000
2015-06-12,buy,023530,롯데쇼핑,228500
2015-07-29,sell,023530,롯데쇼핑,253000
2015-08-10,buy,023530,롯데쇼핑,204500
2015-08-11,sell,023530,롯데쇼핑,226000
2016-06-24,buy,023530,롯데쇼핑,203000
2016-07-26,sell,023530,롯데쇼핑,194500
2016-07-29,buy,023530,롯데쇼핑,193000
2016-09-23,sell,023530,롯데쇼핑,213000
2010-05-20,buy,010140,삼성중공업,21250
2010-06-11,sell,010140,삼성중공업,23500
2011-09-14,buy,010140,삼성중공업,28800
2011-10-27,sell,010140,삼성중공업,31800
2013-04-12,buy,010140,삼성중공업,30100
2013-04-23,sell,010140,삼성중공업,33300
2014-03-13,buy,010140,삼성중공업,29950
2014-03-31,sell,010140,삼성중공업,31850
2014-04-23,buy,010140,삼성중공업,29150
2014-07-24,sell,010140,삼성중공업,29050
2014-09-23,buy,010140,삼성중공업,25100
2014-12-19,sell,010140,삼성중공업,21500
2014-12-30,buy,010140,삼성중공업,19950
2015-04-01,sell,010140,삼성중공업,18500
2015-06-16,buy,010140,삼성중공업,16700
2015-07-01,sell,010140,삼성중공업,18500
2015-07-15,buy,010140,삼성중공업,16500
2015-09-25,sell,010140,삼성중공업,12300
2016-01-12,buy,010140,삼성중공업,9820
2016-01-29,sell,010140,삼성중공업,10840
2016-05-13,buy,010140,삼성중공업,9220
2016-06-03,sell,010140,삼성중공업,10180
2016-11-30,buy,010140,삼성중공업,8300
2016-12-06,sell,010140,삼성중공업,9160
2011-10-04,buy,096770,SK이노베이션,128000
2011-10-07,sell,096770,SK이노베이션,142000
2013-06-19,buy,096770,SK이노베이션,137000
2013-07-26,sell,096770,SK이노베이션,152000
2014-01-28,buy,096770,SK이노베이션,128000
2014-03-17,sell,096770,SK이노베이션,129000
2014-03-19,buy,096770,SK이노베이션,125000
2014-06-19,sell,096770,SK이노베이션,102500
2014-07-22,buy,096770,SK이노베이션,99500
2014-10-23,sell,096770,SK이노베이션,80500
2012-03-14,buy,006280,녹십자,123000
2012-04-27,sell,006280,녹십자,136000
2013-06-07,buy,006280,녹십자,127500
2013-07-19,sell,006280,녹십자,124000
2014-08-20,buy,006280,녹십자,119500
2014-09-25,sell,006280,녹십자,132000
2016-05-02,buy,006280,녹십자,165500
2016-05-31,sell,006280,녹십자,183000
2016-10-13,buy,006280,녹십자,163500
2016-11-11,sell,006280,녹십자,160000
2010-05-25,buy,006260,LS,78500
2010-06-23,sell,006260,LS,86700
2011-08-19,buy,006260,LS,86600
2011-09-01,sell,006260,LS,95600
2011-09-23,buy,006260,LS,80000
2011-11-10,sell,006260,LS,70300
2013-05-23,buy,006260,LS,74500
2013-08-20,sell,006260,LS,67500
2014-09-26,buy,006260,LS,66800
2014-12-24,sell,006260,LS,56500
2015-01-02,buy,006260,LS,53900
2015-04-02,sell,006260,LS,52600
2015-06-08,buy,006260,LS,46650
2015-09-02,sell,006260,LS,30300
2011-08-05,buy,010620,현대미포조선,146500
2011-11-03,sell,010620,현대미포조선,115500
2012-11-21,buy,010620,현대미포조선,105000
2012-12-06,sell,010620,현대미포조선,116000
2014-07-31,buy,010620,현대미포조선,124000
2014-10-20,sell,010620,현대미포조선,102000
2014-10-21,buy,010620,현대미포조선,95500
2015-01-19,sell,010620,현대미포조선,72400
2015-06-30,buy,010620,현대미포조선,64800
2015-09-24,sell,010620,현대미포조선,66900
2011-01-28,buy,097950,CJ제일제당,195500
2011-03-11,sell,097950,CJ제일제당,216000
2013-06-20,buy,097950,CJ제일제당,272000
2013-08-08,sell,097950,CJ제일제당,271000
2013-08-22,buy,097950,CJ제일제당,245000
2013-09-05,sell,097950,CJ제일제당,271000
2010-04-29,buy,001520,동양,2700
2010-07-27,sell,001520,동양,2265
2010-08-03,buy,001520,동양,2195
2010-08-10,sell,001520,동양,2430
2010-08-20,buy,001520,동양,2150
2010-09-17,sell,001520,동양,2380
2010-11-16,buy,001520,동양,1825
2010-12-16,sell,001520,동양,2020
2011-09-22,buy,001520,동양,1380
2011-10-18,sell,001520,동양,815
2011-10-19,buy,001520,동양,785
2011-10-31,sell,001520,동양,870
2011-11-23,buy,001520,동양,760
2011-11-30,sell,001520,동양,840
2012-11-21,buy,001520,동양,746
2012-12-14,sell,001520,동양,830
2013-10-22,buy,001520,동양,501
2013-11-14,sell,001520,동양,560
2013-11-19,buy,001520,동양,428
2013-12-13,sell,001520,동양,315
2013-12-27,buy,001520,동양,291
2014-01-09,sell,001520,동양,330
2014-01-27,buy,001520,동양,283
2014-06-23,sell,001520,동양,320
2010-04-29,buy,003300,한일시멘트,68600
2010-07-27,sell,003300,한일시멘트,52200
2011-04-15,buy,003300,한일시멘트,51300
2011-07-14,sell,003300,한일시멘트,45600
2011-07-18,buy,003300,한일시멘트,45400
2011-07-26,sell,003300,한일시멘트,50100
2011-08-10,buy,003300,한일시멘트,44500
2011-09-21,sell,003300,한일시멘트,49100
2011-09-23,buy,003300,한일시멘트,43300
2011-11-07,sell,003300,한일시멘트,41200
2011-11-10,buy,003300,한일시멘트,40100
2011-12-27,sell,003300,한일시멘트,44300
2012-05-15,buy,003300,한일시멘트,37600
2012-06-27,sell,003300,한일시멘트,32200
2012-07-13,buy,003300,한일시멘트,31100
2012-08-09,sell,003300,한일시멘트,34400
2015-07-30,buy,003300,한일시멘트,122500
2015-09-10,sell,003300,한일시멘트,136000
2015-11-02,buy,003300,한일시멘트,113000
2015-11-23,sell,003300,한일시멘트,110500
2016-01-11,buy,003300,한일시멘트,95500
2016-04-11,sell,003300,한일시멘트,98600
2016-06-09,buy,003300,한일시멘트,87100
2016-09-05,sell,003300,한일시멘트,79000
2016-09-13,buy,003300,한일시멘트,77300
2016-10-11,sell,003300,한일시멘트,85300
2016-11-09,buy,003300,한일시멘트,72100
2010-05-03,buy,029530,신도리코,50900
2010-07-29,sell,029530,신도리코,49400
2011-05-25,buy,029530,신도리코,48250
2011-08-22,sell,029530,신도리코,45700
2013-09-10,buy,029530,신도리코,59800
2013-10-22,sell,029530,신도리코,66000
2015-06-30,buy,029530,신도리코,64200
2015-08-21,sell,029530,신도리코,57700
2015-08-24,buy,029530,신도리코,57500
2015-10-01,sell,029530,신도리코,63500
2015-12-09,buy,029530,신도리코,52100
2016-02-02,sell,029530,신도리코,49600
2016-05-04,buy,029530,신도리코,46550
2016-06-07,sell,029530,신도리코,51400
2011-09-26,buy,128940,한미약품,68800
2011-12-20,sell,128940,한미약품,65200
2012-02-16,buy,128940,한미약품,58800
2012-05-16,sell,128940,한미약품,54900
2012-05-18,buy,128940,한미약품,53500
2012-06-18,sell,128940,한미약품,59100
2013-12-23,buy,128940,한미약품,111500
2014-01-07,sell,128940,한미약품,124000
2014-05-20,buy,128940,한미약품,109500
2014-07-11,sell,128940,한미약품,93500
2014-07-29,buy,128940,한미약품,92200
2014-09-16,sell,128940,한미약품,101800
2016-10-14,buy,128940,한미약품,415500
2016-11-28,sell,128940,한미약품,362000
2016-12-07,buy,128940,한미약품,311000
2016-01-29,buy,018260,삼성에스디에스,221500
2016-04-29,sell,018260,삼성에스디에스,170500
2016-06-03,buy,018260,삼성에스디에스,149000
2016-08-04,sell,018260,삼성에스디에스,165000
2016-11-30,buy,018260,삼성에스디에스,135000
2016-12-27,sell,018260,삼성에스디에스,138000
2011-09-20,buy,010780,아이에스동서,13500
2011-11-25,sell,010780,아이에스동서,14900
2015-10-30,buy,010780,아이에스동서,42700
2015-11-03,sell,010780,아이에스동서,47200
2015-12-04,buy,010780,아이에스동서,42250
2015-12-28,sell,010780,아이에스동서,39500
2016-01-20,buy,010780,아이에스동서,36900
2016-02-04,sell,010780,아이에스동서,40800
2011-06-13,buy,005940,NH투자증권,15750
2011-06-29,sell,005940,NH투자증권,17400
2011-08-10,buy,005940,NH투자증권,14800
2011-10-24,sell,005940,NH투자증권,11900
2013-11-14,buy,005940,NH투자증권,10050
2014-02-14,sell,005940,NH투자증권,8960
2014-03-20,buy,005940,NH투자증권,8680
2014-06-20,sell,005940,NH투자증권,8700
2015-08-20,buy,005940,NH투자증권,10000
2015-11-18,sell,005940,NH투자증권,9680
2016-01-18,buy,005940,NH투자증권,8780
2016-02-01,sell,005940,NH투자증권,9690
2010-02-05,buy,097230,한진중공업,20550
2010-03-08,sell,097230,한진중공업,22700
2011-08-04,buy,097230,한진중공업,26350
2011-10-07,sell,097230,한진중공업,16000
2012-05-18,buy,097230,한진중공업,14450
2012-08-16,sell,097230,한진중공업,13300
2012-10-15,buy,097230,한진중공업,10800
2012-10-18,sell,097230,한진중공업,12000
2013-01-16,buy,097230,한진중공업,10000
2013-04-11,sell,097230,한진중공업,7770
2013-04-12,buy,097230,한진중공업,7480
2013-05-09,sell,097230,한진중공업,8260
2014-06-05,buy,097230,한진중공업,8110
2014-06-27,sell,097230,한진중공업,8950
2014-07-07,buy,097230,한진중공업,7300
2014-08-19,sell,097230,한진중공업,6420
2014-08-20,buy,097230,한진중공업,6140
2014-11-20,sell,097230,한진중공업,4470
2015-01-02,buy,097230,한진중공업,4100
2015-02-26,sell,097230,한진중공업,4530
2016-01-07,buy,097230,한진중공업,2935
2016-01-13,sell,097230,한진중공업,3240
2011-08-08,buy,004000,롯데정밀화학,55600
2011-11-04,sell,004000,롯데정밀화학,54400
2013-04-18,buy,004000,롯데정밀화학,50800
2013-07-17,sell,004000,롯데정밀화학,49700
2014-01-28,buy,004000,롯데정밀화학,40650
2014-03-21,sell,004000,롯데정밀화학,44900
2014-06-02,buy,004000,롯데정밀화학,37800
2014-07-07,sell,004000,롯데정밀화학,41800
2014-10-07,buy,004000,롯데정밀화학,35350
2014-10-14,sell,004000,롯데정밀화학,34200
2014-10-17,buy,004000,롯데정밀화학,33550
2015-01-15,sell,004000,롯데정밀화학,30550
2016-06-14,buy,004000,롯데정밀화학,32150
2016-07-22,sell,004000,롯데정밀화학,35500
2016-10-07,buy,004000,롯데정밀화학,30100
2016-11-24,sell,004000,롯데정밀화학,28350
2016-11-25,buy,004000,롯데정밀화학,28150
2016-12-23,sell,004000,롯데정밀화학,31100
2012-10-05,buy,000240,한국타이어월드와이드,18250
2012-12-20,sell,000240,한국타이어월드와이드,20200
2015-05-04,buy,000240,한국타이어월드와이드,19800
2015-05-15,sell,000240,한국타이어월드와이드,19350
2015-05-21,buy,000240,한국타이어월드와이드,18750
2015-08-18,sell,000240,한국타이어월드와이드,17900
2015-08-21,buy,000240,한국타이어월드와이드,15600
2015-08-31,sell,000240,한국타이어월드와이드,17300
2011-02-23,buy,002240,고려제강,34550
2011-03-28,sell,002240,고려제강,38200
2012-04-24,buy,002240,고려제강,38650
2012-06-21,sell,002240,고려제강,33500
2012-10-19,buy,002240,고려제강,31800
2013-01-18,sell,002240,고려제강,29650
2013-01-22,buy,002240,고려제강,29300
2013-04-18,sell,002240,고려제강,32400
2015-11-18,buy,002240,고려제강,39600
2015-11-20,sell,002240,고려제강,40800
2015-12-07,buy,002240,고려제강,38600
2016-03-10,sell,002240,고려제강,41750
2016-02-25,buy,036580,팜스코,12300
2016-03-07,sell,036580,팜스코,13600
2016-03-28,buy,036580,팜스코,11800
2016-04-05,sell,036580,팜스코,13100
2016-11-02,buy,036580,팜스코,11250
2016-11-16,sell,036580,팜스코,12500
2011-02-11,buy,021240,코웨이,32600
2011-02-18,sell,021240,코웨이,36000
2011-03-02,buy,021240,코웨이,32550
2011-03-24,sell,021240,코웨이,36000
2012-05-22,buy,021240,코웨이,33800
2012-07-03,sell,021240,코웨이,37300
2012-07-19,buy,021240,코웨이,33500
2012-08-08,sell,021240,코웨이,34750
2012-09-28,buy,021240,코웨이,30750
2012-10-04,sell,021240,코웨이,34000
2011-08-09,buy,000050,경방,97100
2011-08-18,sell,000050,경방,107200
2011-09-26,buy,000050,경방,93000
2011-09-27,sell,000050,경방,102700
2011-10-05,buy,000050,경방,92800
2011-11-28,sell,000050,경방,102400
2011-12-19,buy,000050,경방,91900
2012-01-13,sell,000050,경방,95900
2012-05-17,buy,000050,경방,90300
2012-06-14,sell,000050,경방,99700
2013-01-18,buy,000050,경방,86100
2013-03-25,sell,000050,경방,90800
2016-05-04,buy,000050,경방,165000
2016-07-28,sell,000050,경방,183000
2016-10-31,buy,000050,경방,18100
2016-11-04,sell,000050,경방,16750
2016-12-22,buy,000050,경방,15850
2011-08-09,buy,035420,NAVER,175000
2011-08-11,sell,035420,NAVER,194000
2015-02-09,buy,035420,NAVER,681000
2015-05-08,sell,035420,NAVER,609000
2015-06-03,buy,035420,NAVER,601000
2015-06-26,sell,035420,NAVER,664000
2015-07-30,buy,035420,NAVER,518000
2015-10-06,sell,035420,NAVER,556000
2012-11-05,buy,005380,현대차,199500
2012-11-27,sell,005380,현대차,221000
2013-01-28,buy,005380,현대차,198500
2013-02-22,sell,005380,현대차,220000
2013-04-05,buy,005380,현대차,198000
2013-05-16,sell,005380,현대차,196000
2014-09-05,buy,005380,현대차,217500
2014-12-08,sell,005380,현대차,185500
2015-06-02,buy,005380,현대차,138500
2015-08-27,sell,005380,현대차,153000
2016-08-09,buy,025540,한국단자,83700
2016-11-08,sell,025540,한국단자,73200
2011-05-25,buy,012750,에스원,48900
2011-06-23,sell,012750,에스원,54000
2015-01-12,buy,012750,에스원,68300
2015-01-22,sell,012750,에스원,75400
2010-02-17,buy,008930,한미사이언스,107500
2010-03-26,sell,008930,한미사이언스,119000
2010-04-02,buy,008930,한미사이언스,106500
2010-05-25,sell,008930,한미사이언스,75800
2010-05-28,buy,008930,한미사이언스,74100
2010-06-03,sell,008930,한미사이언스,81800
2010-08-02,buy,008930,한미사이언스,44700
2010-10-27,sell,008930,한미사이언스,38150
2010-11-11,buy,008930,한미사이언스,35000
2010-12-09,sell,008930,한미사이언스,38700
2011-01-26,buy,008930,한미사이언스,34250
2011-03-31,sell,008930,한미사이언스,33950
2011-06-07,buy,008930,한미사이언스,27400
2011-09-01,sell,008930,한미사이언스,24000
2011-09-05,buy,008930,한미사이언스,23000
2011-12-02,sell,008930,한미사이언스,21450
2012-02-24,buy,008930,한미사이언스,19450
2012-06-13,sell,008930,한미사이언스,3600
2016-10-04,buy,008930,한미사이언스,104500
2016-12-28,sell,008930,한미사이언스,68900
2013-04-16,buy,011210,현대위아,139000
2013-05-20,sell,011210,현대위아,154000
2015-01-26,buy,011210,현대위아,153000
2015-03-25,sell,011210,현대위아,142500
2015-06-02,buy,011210,현대위아,122500
2015-08-27,sell,011210,현대위아,103000
2016-05-18,buy,011210,현대위아,90500
2016-08-12,sell,011210,현대위아,85300
2016-10-31,buy,011210,현대위아,78700
2012-04-30,buy,034730,SK,93500
2012-06-07,sell,034730,SK,103200
2016-04-06,buy,034730,SK,216500
2016-05-31,sell,034730,SK,229000
2016-06-17,buy,034730,SK,211500
2016-09-13,sell,034730,SK,206000
2013-01-23,buy,008770,호텔신라,41450
2013-01-30,sell,008770,호텔신라,45800
2015-12-09,buy,008770,호텔신라,86600
2016-03-07,sell,008770,호텔신라,72000
2016-07-27,buy,008770,호텔신라,60000
2016-08-25,sell,008770,호텔신라,66200
2016-10-26,buy,008770,호텔신라,56200
2016-12-23,sell,008770,호텔신라,48400
2016-12-26,buy,008770,호텔신라,47750
2011-08-08,buy,000990,동부하이텍,8390
2011-08-16,sell,000990,동부하이텍,9260
2011-08-19,buy,000990,동부하이텍,7730
2011-08-29,sell,000990,동부하이텍,8530
2011-09-15,buy,000990,동부하이텍,7600
2011-09-21,sell,000990,동부하이텍,8390
2011-09-23,buy,000990,동부하이텍,7360
2011-10-20,sell,000990,동부하이텍,8130
2012-11-28,buy,000990,동부하이텍,6450
2013-01-09,sell,000990,동부하이텍,7120
2013-04-04,buy,000990,동부하이텍,6090
2013-04-12,sell,000990,동부하이텍,5540
2013-04-15,buy,000990,동부하이텍,5300
2013-04-26,sell,000990,동부하이텍,5850
2013-12-17,buy,000990,동부하이텍,5020
2013-12-26,sell,000990,동부하이텍,5540
2014-06-23,buy,000990,동부하이텍,4690
2014-07-24,sell,000990,동부하이텍,5180
2011-08-18,buy,004020,현대제철,106500
2011-11-15,sell,004020,현대제철,106000
2012-07-25,buy,004020,현대제철,76200
2012-07-31,sell,004020,현대제철,84100
2012-11-01,buy,004020,현대제철,76100
2012-12-07,sell,004020,현대제철,84000
2013-04-05,buy,004020,현대제철,74600
2013-05-24,sell,004020,현대제철,74600
2013-06-19,buy,004020,현대제철,68300
2013-08-19,sell,004020,현대제철,75400
2014-11-04,buy,004020,현대제철,62300
2014-12-02,sell,004020,현대제철,64200
2015-07-17,buy,004020,현대제철,61700
2015-10-16,sell,004020,현대제철,55600
2015-11-16,buy,004020,현대제철,49500
2015-12-24,sell,004020,현대제철,54700
2016-01-07,buy,004020,현대제철,48100
2016-02-16,sell,004020,현대제철,53100
2010-05-06,buy,093370,후성,3575
2010-07-23,sell,093370,후성,3950
2012-05-14,buy,093370,후성,5810
2012-05-23,sell,093370,후성,5260
2012-06-04,buy,093370,후성,5040
2012-06-19,sell,093370,후성,5570
2012-07-04,buy,093370,후성,4990
2012-08-09,sell,093370,후성,5510
2013-06-20,buy,093370,후성,4155
2013-07-15,sell,093370,후성,4590
2013-11-11,buy,093370,후성,3615
2013-11-26,sell,093370,후성,3635
2013-12-05,buy,093370,후성,3560
2014-03-07,sell,093370,후성,3670
2014-06-05,buy,093370,후성,3065
2014-06-23,sell,093370,후성,3390
2014-09-01,buy,093370,후성,3055
2014-11-18,sell,093370,후성,2890
2012-06-14,buy,057050,현대홈쇼핑,105000
2012-07-02,sell,057050,현대홈쇼핑,116000
2012-07-11,buy,057050,현대홈쇼핑,100000
2012-08-21,sell,057050,현대홈쇼핑,111000
2014-06-23,buy,057050,현대홈쇼핑,144500
2014-07-16,sell,057050,현대홈쇼핑,160000
2014-10-24,buy,057050,현대홈쇼핑,139500
2014-11-03,sell,057050,현대홈쇼핑,129000
2014-11-04,buy,057050,현대홈쇼핑,124000
2014-11-18,sell,057050,현대홈쇼핑,137000
2015-01-23,buy,057050,현대홈쇼핑,121500
2015-02-26,sell,057050,현대홈쇼핑,135000
2015-07-07,buy,057050,현대홈쇼핑,116000
2015-08-03,sell,057050,현대홈쇼핑,128000
2016-11-28,buy,057050,현대홈쇼핑,106000
2016-12-16,sell,057050,현대홈쇼핑,109000
2012-04-06,buy,003920,남양유업,701000
2012-06-13,sell,003920,남양유업,774000
2013-08-27,buy,003920,남양유업,808000
2013-09-24,sell,003920,남양유업,876000
2014-06-13,buy,003920,남양유업,787000
2014-09-12,sell,003920,남양유업,805000
2014-09-30,buy,003920,남양유업,764000
2014-12-29,sell,003920,남양유업,630000
2016-06-17,buy,003920,남양유업,692000
2016-09-13,sell,003920,남양유업,685000
2016-10-27,buy,003920,남양유업,671000
2016-11-15,sell,003920,남양유업,741000
2012-11-01,buy,002350,넥센타이어,15250
2012-11-28,sell,002350,넥센타이어,16900
2013-01-11,buy,002350,넥센타이어,14700
2013-03-14,sell,002350,넥센타이어,16300
2014-04-23,buy,002350,넥센타이어,13100
2014-04-24,sell,002350,넥센타이어,12900
2014-04-25,buy,002350,넥센타이어,12600
2014-04-28,sell,002350,넥센타이어,14000
2015-05-07,buy,002350,넥센타이어,12450
2015-07-15,sell,002350,넥센타이어,13800
2016-01-06,buy,002350,넥센타이어,11800
2016-01-26,sell,002350,넥센타이어,11400
2010-08-27,buy,005300,롯데칠성,746000
2010-11-19,sell,005300,롯데칠성,824000
2016-04-01,buy,005300,롯데칠성,1814000
2016-04-07,sell,005300,롯데칠성,1953000
2016-06-14,buy,005300,롯데칠성,1783000
2016-09-08,sell,005300,롯데칠성,1553000
2016-12-05,buy,005300,롯데칠성,1500000
2011-08-19,buy,042670,두산인프라코어,20000
2011-09-01,sell,042670,두산인프라코어,22100
2011-09-26,buy,042670,두산인프라코어,17700
2011-10-28,sell,042670,두산인프라코어,19600
2012-10-26,buy,042670,두산인프라코어,16300
2012-12-07,sell,042670,두산인프라코어,16450
2013-02-08,buy,042670,두산인프라코어,15250
2013-05-09,sell,042670,두산인프라코어,13700
2013-06-20,buy,042670,두산인프라코어,11150
2013-07-22,sell,042670,두산인프라코어,12400
2014-09-30,buy,042670,두산인프라코어,11100
2014-11-27,sell,042670,두산인프라코어,10550
2014-12-12,buy,042670,두산인프라코어,9530
2015-01-27,sell,042670,두산인프라코어,10520
2015-07-17,buy,042670,두산인프라코어,9040
2015-09-03,sell,042670,두산인프라코어,6350
2015-12-11,buy,042670,두산인프라코어,6120
2016-03-16,sell,042670,두산인프라코어,5870
2010-08-25,buy,105630,한세실업,5910
2010-09-01,sell,105630,한세실업,6530
2010-09-15,buy,105630,한세실업,5830
2010-10-04,sell,105630,한세실업,6440
2011-03-17,buy,105630,한세실업,5460
2011-03-30,sell,105630,한세실업,6030
2016-06-14,buy,105630,한세실업,37500
2016-08-08,sell,105630,한세실업,31450
2016-08-16,buy,105630,한세실업,27850
2016-11-15,sell,105630,한세실업,22300
2016-11-23,buy,105630,한세실업,21950
2016-12-14,sell,105630,한세실업,24300
2012-05-07,buy,028050,삼성엔지니어링,197000
2012-08-01,sell,028050,삼성엔지니어링,184500
2012-10-15,buy,028050,삼성엔지니어링,163500
2013-01-14,sell,028050,삼성엔지니어링,155000
2013-03-15,buy,028050,삼성엔지니어링,142000
2013-06-13,sell,028050,삼성엔지니어링,80800
2013-06-18,buy,028050,삼성엔지니어링,80000
2013-08-13,sell,028050,삼성엔지니어링,88300
2013-11-14,buy,028050,삼성엔지니어링,67100
2013-12-16,sell,028050,삼성엔지니어링,55600
2014-10-24,buy,028050,삼성엔지니어링,54300
2014-10-29,sell,028050,삼성엔지니어링,60000
2014-11-19,buy,028050,삼성엔지니어링,53600
2015-02-13,sell,028050,삼성엔지니어링,37550
2015-07-24,buy,028050,삼성엔지니어링,29150
2015-09-16,sell,028050,삼성엔지니어링,32200
2015-10-23,buy,028050,삼성엔지니어링,20750
2015-11-27,sell,028050,삼성엔지니어링,15400
2015-12-01,buy,028050,삼성엔지니어링,15000
2015-12-08,sell,028050,삼성엔지니어링,16600
2015-12-14,buy,028050,삼성엔지니어링,12800
2015-12-16,sell,028050,삼성엔지니어링,14200
2015-12-29,buy,028050,삼성엔지니어링,12450
2015-12-30,sell,028050,삼성엔지니어링,13800
2016-01-22,buy,028050,삼성엔지니어링,11150
2016-01-29,sell,028050,삼성엔지니어링,12400
2016-02-24,buy,028050,삼성엔지니어링,9980
2016-03-23,sell,028050,삼성엔지니어링,11020
2016-05-24,buy,028050,삼성엔지니어링,9370
2016-06-10,sell,028050,삼성엔지니어링,10340
2010-01-12,buy,000100,유한양행,169500
2010-04-08,sell,000100,유한양행,170500
2010-04-29,buy,000100,유한양행,160500
2010-07-28,sell,000100,유한양행,163500
2011-02-11,buy,000100,유한양행,140000
2011-05-12,sell,000100,유한양행,132500
2011-05-16,buy,000100,유한양행,132000
2011-07-21,sell,000100,유한양행,146000
2011-08-09,buy,000100,유한양행,124000
2011-08-31,sell,000100,유한양행,122000
2011-09-06,buy,000100,유한양행,109000
2011-10-19,sell,000100,유한양행,121000
2014-07-25,buy,000100,유한양행,171000
2014-09-16,sell,000100,유한양행,189000
2014-11-18,buy,000100,유한양행,166500
2014-11-20,sell,000100,유한양행,166500
2015-01-07,buy,000100,유한양행,165500
2015-03-19,sell,000100,유한양행,183000
2016-10-28,buy,000100,유한양행,214000
2016-11-17,sell,000100,유한양행,213000
2016-11-21,buy,000100,유한양행,201500
2013-06-21,buy,051900,LG생활건강,530000
2013-07-24,sell,051900,LG생활건강,585000
2013-08-22,buy,051900,LG생활건강,505000
2013-10-22,sell,051900,LG생활건강,505000
2014-01-27,buy,051900,LG생활건강,456000
2014-04-24,sell,051900,LG생활건강,487000
2014-06-20,buy,051900,LG생활건강,426000
2014-07-25,sell,051900,LG생활건강,471000
2016-11-18,buy,051900,LG생활건강,807000
2011-09-30,buy,006840,AK홀딩스,26900
2011-10-13,sell,006840,AK홀딩스,29700
2012-05-18,buy,006840,AK홀딩스,23800
2012-06-27,sell,006840,AK홀딩스,26300
2012-10-26,buy,006840,AK홀딩스,21400
2012-11-02,sell,006840,AK홀딩스,23700
2013-04-05,buy,006840,AK홀딩스,19550
2013-04-22,sell,006840,AK홀딩스,21600
2015-11-13,buy,006840,AK홀딩스,67900
2015-12-03,sell,006840,AK홀딩스,60700
2015-12-04,buy,006840,AK홀딩스,60000
2016-03-09,sell,006840,AK홀딩스,57900
2011-09-05,buy,014680,한솔케미칼,14300
2011-10-24,sell,014680,한솔케미칼,15800
2011-09-05,buy,055550,신한지주,41150
2011-10-07,sell,055550,신한지주,45500
2012-07-19,buy,055550,신한지주,36050
2012-09-14,sell,055550,신한지주,37450
2015-02-09,buy,055550,신한지주,41850
2015-04-24,sell,055550,신한지주,46200
2015-07-06,buy,055550,신한지주,39200
2015-07-21,sell,055550,신한지주,39850
2015-09-04,buy,055550,신한지주,39000
2015-10-19,sell,055550,신한지주,43100
2016-01-07,buy,055550,신한지주,38650
2016-02-29,sell,055550,신한지주,37950
2011-09-26,buy,006360,GS건설,90200
2011-09-30,sell,006360,GS건설,99600
2011-10-04,buy,006360,GS건설,87100
2011-10-24,sell,006360,GS건설,96100
2012-05-16,buy,006360,GS건설,73500
2012-05-29,sell,006360,GS건설,81100
2012-07-12,buy,006360,GS건설,73100
2012-09-04,sell,006360,GS건설,71600
2012-10-24,buy,006360,GS건설,62400
2013-01-23,sell,006360,GS건설,53100
2013-04-11,buy,006360,GS건설,42000
2013-07-10,sell,006360,GS건설,26750
2013-12-16,buy,006360,GS건설,26650
2013-12-27,sell,006360,GS건설,29500
2014-11-04,buy,006360,GS건설,25800
2014-11-10,sell,006360,GS건설,28500
2014-12-10,buy,006360,GS건설,24950
2015-02-16,sell,006360,GS건설,27600
2015-12-14,buy,006360,GS건설,19350
2015-12-23,sell,006360,GS건설,20150
2016-01-07,buy,006360,GS건설,19100
2016-01-11,sell,006360,GS건설,21100
2010-01-29,buy,003000,부광약품,13800
2010-03-05,sell,003000,부광약품,15300
2010-05-17,buy,003000,부광약품,13500
2010-07-12,sell,003000,부광약품,13300
2010-08-25,buy,003000,부광약품,12200
2010-11-23,sell,003000,부광약품,12750
2011-02-24,buy,003000,부광약품,11750
2011-03-28,sell,003000,부광약품,13000
2011-05-19,buy,003000,부광약품,11700
2011-06-27,sell,003000,부광약품,13000
2012-05-23,buy,003000,부광약품,10650
2012-06-18,sell,003000,부광약품,10850
2016-11-02,buy,003000,부광약품,23800
2016-11-11,sell,003000,부광약품,26300
2016-11-28,buy,003000,부광약품,23600
2016-12-12,sell,003000,부광약품,26100
2010-05-24,buy,069260,휴켐스,24000
2010-06-15,sell,069260,휴켐스,26500
2010-09-03,buy,069260,휴켐스,20250
2010-09-28,sell,069260,휴켐스,22400
2010-11-15,buy,069260,휴켐스,20150
2010-12-30,sell,069260,휴켐스,19600
2011-01-26,buy,069260,휴켐스,18650
2011-03-09,sell,069260,휴켐스,20600
2011-12-19,buy,069260,휴켐스,18500
2011-12-22,sell,069260,휴켐스,20500
2013-06-14,buy,069260,휴켐스,21700
2013-08-01,sell,069260,휴켐스,19500
2015-08-03,buy,069260,휴켐스,21800
2015-08-05,sell,069260,휴켐스,24100
2015-08-19,buy,069260,휴켐스,21550
2015-11-16,sell,069260,휴켐스,17700
2015-11-17,buy,069260,휴켐스,17550
2016-02-18,sell,069260,휴켐스,17150
2011-04-29,buy,032830,삼성생명,97100
2011-07-27,sell,032830,삼성생명,99500
2011-08-09,buy,032830,삼성생명,84900
2011-09-16,sell,032830,삼성생명,93700
2011-11-10,buy,032830,삼성생명,82600
2012-01-03,sell,032830,삼성생명,82500
2012-01-16,buy,032830,삼성생명,80100
2012-02-07,sell,032830,삼성생명,88400
2014-04-23,buy,032830,삼성생명,96000
2014-05-19,sell,032830,삼성생명,106000
2015-09-07,buy,032830,삼성생명,92200
2015-10-07,sell,032830,삼성생명,101800
2011-08-04,buy,003550,LG,69800
2011-11-02,sell,003550,LG,61700
2013-11-13,buy,003550,LG,60400
2014-02-13,sell,003550,LG,56000
2014-02-20,buy,003550,LG,54800
2014-04-17,sell,003550,LG,60500
2015-06-22,buy,003550,LG,59000
2015-07-22,sell,003550,LG,55100
2016-10-07,buy,003550,LG,61100
2016-11-07,buy,214320,이노션,65100
2011-10-05,buy,011170,롯데케미칼,229500
2011-10-07,sell,011170,롯데케미칼,254000
2012-06-04,buy,011170,롯데케미칼,223000
2012-07-03,sell,011170,롯데케미칼,247000
2012-10-26,buy,011170,롯데케미칼,218500
2012-12-14,sell,011170,롯데케미칼,242000
2013-04-02,buy,011170,롯데케미칼,189000
2013-04-10,sell,011170,롯데케미칼,182000
2013-04-11,buy,011170,롯데케미칼,175500
2013-07-10,sell,011170,롯데케미칼,145500
2014-09-26,buy,011170,롯데케미칼,154500
2014-11-17,sell,011170,롯데케미칼,171000
2011-08-22,buy,051910,LG화학,302500
2011-08-23,sell,051910,LG화학,334000
2011-09-26,buy,051910,LG화학,299500
2011-10-11,sell,051910,LG화학,331000
2012-04-30,buy,051910,LG화학,284500
2012-07-04,sell,051910,LG화학,314000
2013-03-28,buy,051910,LG화학,265000
2013-04-09,sell,051910,LG화학,245500
2013-06-21,buy,051910,LG화학,237000
2013-07-05,sell,051910,LG화학,262000
2014-10-08,buy,051910,LG화학,237000
2014-12-22,sell,051910,LG화학,189500
2015-01-06,buy,051910,LG화학,166000
2015-01-20,sell,051910,LG화학,184000
2016-09-13,buy,051910,LG화학,237500
2016-11-30,sell,051910,LG화학,226500
2014-08-06,buy,161390,한국타이어,55700
2014-11-06,sell,161390,한국타이어,53600
2015-02-16,buy,161390,한국타이어,48200
2015-05-19,sell,161390,한국타이어,41300
2015-05-20,buy,161390,한국타이어,40850
2015-08-17,sell,161390,한국타이어,37900
2015-08-21,buy,161390,한국타이어,37250
2015-09-16,sell,161390,한국타이어,41100
2010-08-31,buy,004370,농심,213000
2010-11-26,sell,004370,농심,204500
2012-05-21,buy,004370,농심,209500
2012-07-17,sell,004370,농심,232000
2013-08-22,buy,004370,농심,238000
2013-09-27,sell,004370,농심,263000
2015-01-05,buy,004370,농심,242000
2015-01-06,sell,004370,농심,243000
2015-01-07,buy,004370,농심,239500
2015-02-05,sell,004370,농심,265000
2016-08-19,buy,004370,농심,309500
2016-10-21,sell,004370,농심,291000
2011-01-21,buy,001060,JW중외제약,14750
2011-04-21,sell,001060,JW중외제약,15000
2012-05-14,buy,001060,JW중외제약,12850
2012-08-09,sell,001060,JW중외제약,12600
2014-11-05,buy,001060,JW중외제약,13950
2014-11-27,sell,001060,JW중외제약,15400
2015-01-22,buy,001060,JW중외제약,13650
2015-02-16,sell,001060,JW중외제약,15100
2010-01-05,buy,033780,KT&G,64000
2010-04-01,sell,033780,KT&G,62700
2010-04-02,buy,033780,KT&G,61200
2010-07-01,sell,033780,KT&G,60000
2011-03-16,buy,033780,KT&G,55600
2011-04-27,sell,033780,KT&G,61400
2013-04-08,buy,033780,KT&G,74000
2013-05-24,sell,033780,KT&G,77600
2013-06-21,buy,033780,KT&G,73600
2013-09-17,sell,033780,KT&G,77000
2010-05-17,buy,025860,남해화학,14000
2010-07-15,sell,025860,남해화학,15500
2011-05-19,buy,025860,남해화학,12700
2011-06-17,sell,025860,남해화학,12050
2011-06-20,buy,025860,남해화학,12000
2011-06-30,sell,025860,남해화학,13300
2011-08-08,buy,025860,남해화학,10850
2011-08-17,sell,025860,남해화학,12000
2011-09-26,buy,025860,남해화학,9300
2011-09-28,sell,025860,남해화학,10270
2011-11-25,buy,025860,남해화학,9200
2011-12-13,sell,025860,남해화학,10160
2012-05-11,buy,025860,남해화학,9120
2012-07-05,sell,025860,남해화학,9270
2012-11-07,buy,025860,남해화학,7780
2013-02-06,sell,025860,남해화학,7200
2013-04-04,buy,025860,남해화학,7020
2013-05-22,sell,025860,남해화학,7750
2013-12-13,buy,025860,남해화학,6570
2014-01-09,sell,025860,남해화학,7250
2016-02-12,buy,025860,남해화학,8350
2016-03-07,sell,025860,남해화학,9080
2016-06-24,buy,025860,남해화학,8330
2016-09-23,sell,025860,남해화학,8400
2016-10-26,buy,025860,남해화학,8230
2011-06-02,buy,019680,대교,5150
2011-06-15,sell,019680,대교,5690
2011-08-09,buy,019680,대교,5130
2011-08-10,sell,019680,대교,5660
2014-05-08,buy,019680,대교,6510
2014-07-24,sell,019680,대교,6570
2016-07-18,buy,019680,대교,8240
2016-10-04,sell,019680,대교,9100
2012-03-26,buy,011780,금호석유,141500
2012-06-22,sell,011780,금호석유,113500
2012-10-26,buy,011780,금호석유,104000
2012-11-07,sell,011780,금호석유,115000
2012-11-14,buy,011780,금호석유,100500
2012-11-29,sell,011780,금호석유,111000
2013-04-12,buy,011780,금호석유,93600
2013-06-18,sell,011780,금호석유,85500
2013-06-19,buy,011780,금호석유,82900
2013-07-25,sell,011780,금호석유,91500
2014-09-03,buy,011780,금호석유,79200
2014-10-30,sell,011780,금호석유,77400
2015-07-24,buy,011780,금호석유,65300
2015-10-23,sell,011780,금호석유,61600
2016-01-20,buy,011780,금호석유,48150
2016-02-01,sell,011780,금호석유,53200
2013-06-25,buy,145990,삼양사,39550
2013-07-25,sell,145990,삼양사,43700
2016-04-14,buy,192400,쿠쿠전자,189000
2016-04-25,sell,192400,쿠쿠전자,209000
2016-05-17,buy,192400,쿠쿠전자,180000
2016-08-02,sell,192400,쿠쿠전자,143000
2016-08-03,buy,192400,쿠쿠전자,139500
2016-11-03,sell,192400,쿠쿠전자,124500
2011-05-23,buy,088350,한화생명,7010
2011-06-23,sell,088350,한화생명,7740
2011-08-08,buy,088350,한화생명,6640
2011-10-06,sell,088350,한화생명,5620
2013-08-23,buy,088350,한화생명,6300
2013-09-09,sell,088350,한화생명,6960
2016-01-04,buy,088350,한화생명,7220
2016-03-21,sell,088350,한화생명,6570
2016-06-15,buy,088350,한화생명,6060
2016-09-09,sell,088350,한화생명,5800
2012-05-24,buy,060980,한라홀딩스,152000
2012-06-19,sell,060980,한라홀딩스,168000
2012-10-02,buy,060980,한라홀딩스,150000
2012-12-05,sell,060980,한라홀딩스,127500
2013-01-03,buy,060980,한라홀딩스,120500
2013-02-21,sell,060980,한라홀딩스,133000
2013-03-26,buy,060980,한라홀딩스,116500
2013-05-06,sell,060980,한라홀딩스,93200
2015-06-16,buy,060980,한라홀딩스,54100
2015-09-10,sell,060980,한라홀딩스,55300
2010-05-25,buy,000810,삼성화재,176000
2010-06-25,sell,000810,삼성화재,195000
2012-06-12,buy,000810,삼성화재,197500
2012-06-29,sell,000810,삼성화재,218000
2011-08-22,buy,026960,동서,33500
2011-11-17,sell,026960,동서,31500
2011-11-23,buy,026960,동서,30300
2012-02-13,sell,026960,동서,33500
2012-11-28,buy,026960,동서,18150
2012-12-07,sell,026960,동서,18100
2013-12-05,buy,026960,동서,17900
2014-03-07,sell,026960,동서,15400
2016-10-20,buy,026960,동서,27350
2011-06-09,buy,034220,LG디스플레이,33000
2011-09-02,sell,034220,LG디스플레이,19950
2011-09-06,buy,034220,LG디스플레이,18000
2011-09-08,sell,034220,LG디스플레이,19900
2011-09-26,buy,034220,LG디스플레이,17500
2011-09-29,sell,034220,LG디스플레이,19400
2013-10-01,buy,034220,LG디스플레이,25850
2013-12-24,sell,034220,LG디스플레이,25200
2015-06-05,buy,034220,LG디스플레이,28800
2015-09-01,sell,034220,LG디스플레이,23050
2015-11-16,buy,034220,LG디스플레이,20600
2015-11-24,sell,034220,LG디스플레이,22800
2011-08-09,buy,005930,삼성전자,724000
2011-09-08,sell,005930,삼성전자,799000
2014-08-21,buy,005930,삼성전자,1235000
2014-10-23,sell,005930,삼성전자,1094000
2015-08-24,buy,005930,삼성전자,1079000
2015-09-18,sell,005930,삼성전자,1191000
2012-02-03,buy,090430,아모레퍼시픽,980000
2012-03-09,sell,090430,아모레퍼시픽,1082000
2013-02-08,buy,090430,아모레퍼시픽,998000
2013-04-04,sell,090430,아모레퍼시픽,940000
2013-04-05,buy,090430,아모레퍼시픽,910000
2013-07-04,sell,090430,아모레퍼시픽,903000
2013-10-16,buy,090430,아모레퍼시픽,871000
2013-11-29,sell,090430,아모레퍼시픽,961000
2015-06-02,buy,090430,아모레퍼시픽,370000
2015-06-26,sell,090430,아모레퍼시픽,409000
2015-08-18,buy,090430,아모레퍼시픽,362000
2015-09-04,sell,090430,아모레퍼시픽,332000
2015-09-07,buy,090430,아모레퍼시픽,331500
2015-09-18,sell,090430,아모레퍼시픽,366000
2016-10-25,buy,090430,아모레퍼시픽,345500
2011-09-26,buy,002960,한국쉘석유,193000
2011-11-01,sell,002960,한국쉘석유,213000
2016-08-25,buy,002960,한국쉘석유,442000
2016-10-20,sell,002960,한국쉘석유,442500
2016-11-09,buy,002960,한국쉘석유,435000
2011-02-22,buy,003490,대한항공,62100
2011-05-02,sell,003490,대한항공,68600
2011-08-19,buy,003490,대한항공,55200
2011-09-07,sell,003490,대한항공,59000
2011-09-22,buy,003490,대한항공,49750
2011-12-19,sell,003490,대한항공,42200
2013-03-08,buy,003490,대한항공,43300
2013-06-05,sell,003490,대한항공,33800
2013-06-18,buy,003490,대한항공,31400
2013-09-17,sell,003490,대한항공,34700
2013-12-13,buy,003490,대한항공,27250
2013-12-27,sell,003490,대한항공,30100
2015-08-19,buy,003490,대한항공,32050
2015-09-22,sell,003490,대한항공,32600
2015-11-09,buy,003490,대한항공,30350
2016-02-05,sell,003490,대한항공,25500
2012-04-24,buy,064960,S&T모티브,25550
2012-07-20,sell,064960,S&T모티브,19450
2012-10-16,buy,064960,S&T모티브,18050
2012-10-25,sell,064960,S&T모티브,20000
2016-07-14,buy,064960,S&T모티브,59900
2016-10-06,sell,064960,S&T모티브,48050
2016-10-10,buy,064960,S&T모티브,44300
2016-12-13,sell,064960,S&T모티브,48900
2011-05-06,buy,005250,녹십자홀딩스,13200
2011-06-21,sell,005250,녹십자홀딩스,14600
2012-05-17,buy,005250,녹십자홀딩스,12300
2012-06-12,sell,005250,녹십자홀딩스,13600
2013-08-28,buy,005250,녹십자홀딩스,13450
2013-09-24,sell,005250,녹십자홀딩스,13700
2013-11-13,buy,005250,녹십자홀딩스,12600
2014-02-03,sell,005250,녹십자홀딩스,14000
2016-08-01,buy,005250,녹십자홀딩스,33200
2016-08-12,sell,005250,녹십자홀딩스,33300
2016-08-17,buy,005250,녹십자홀딩스,32150
2016-11-16,sell,005250,녹십자홀딩스,23750
2016-12-07,buy,005250,녹십자홀딩스,20250
2016-12-13,sell,005250,녹십자홀딩스,22400
2012-12-24,buy,000150,두산,119000
2013-01-02,sell,000150,두산,132000
2014-06-09,buy,000150,두산,123000
2014-08-28,sell,000150,두산,123000
2014-09-29,buy,000150,두산,113000
2014-12-26,sell,000150,두산,114000
2015-01-02,buy,000150,두산,101500
2015-02-04,sell,000150,두산,112000
2015-08-07,buy,000150,두산,97100
2015-09-11,sell,000150,두산,107200
2015-12-29,buy,000150,두산,90900
2016-01-22,sell,000150,두산,74100
2011-08-08,buy,105560,KB금융,43600
2011-11-04,sell,105560,KB금융,41700
2012-07-23,buy,105560,KB금융,33400
2012-08-09,sell,105560,KB금융,36900
2013-07-03,buy,105560,KB금융,32800
2013-08-01,sell,105560,KB금융,36200
2015-07-17,buy,105560,KB금융,34700
2015-08-28,sell,105560,KB금융,36050
2015-09-07,buy,105560,KB금융,34200
2015-12-04,sell,105560,KB금융,34700
2015-12-15,buy,105560,KB금융,33900
2016-03-18,sell,105560,KB금융,32800
2011-02-22,buy,012450,한화테크윈,77700
2011-04-04,sell,012450,한화테크윈,85800
2011-08-05,buy,012450,한화테크윈,67700
2011-09-26,sell,012450,한화테크윈,49800
2013-11-12,buy,012450,한화테크윈,55100
2014-02-12,sell,012450,한화테크윈,51300
2014-07-11,buy,012450,한화테크윈,49250
2014-10-14,sell,012450,한화테크윈,30650
2014-10-15,buy,012450,한화테크윈,29750
2014-10-30,sell,012450,한화테크윈,32900
2014-12-01,buy,012450,한화테크윈,26150
2015-02-13,sell,012450,한화테크윈,24300
2011-11-03,buy,014830,유니드,53900
2012-01-31,sell,014830,유니드,55000
2012-03-23,buy,014830,유니드,49950
2012-06-22,sell,014830,유니드,36750
2012-07-13,buy,014830,유니드,33000
2012-08-09,sell,014830,유니드,36500
2015-01-13,buy,014830,유니드,55000
2015-02-10,sell,014830,유니드,60700
2015-08-04,buy,014830,유니드,54400
2015-09-08,sell,014830,유니드,54900
2015-10-30,buy,014830,유니드,51100
2016-01-28,sell,014830,유니드,41400
2016-02-03,buy,014830,유니드,40750
2016-02-25,sell,014830,유니드,45000
2010-02-19,buy,069620,대웅제약,47600
2010-05-18,sell,069620,대웅제약,52600
2010-05-25,buy,069620,대웅제약,45550
2010-05-26,sell,069620,대웅제약,46450
2010-06-23,buy,069620,대웅제약,45450
2010-09-16,sell,069620,대웅제약,47750
2011-04-25,buy,069620,대웅제약,40200
2011-07-22,sell,069620,대웅제약,43200
2011-08-26,buy,069620,대웅제약,36050
2011-11-24,sell,069620,대웅제약,28050
2011-11-25,buy,069620,대웅제약,28000
2012-02-23,sell,069620,대웅제약,26450
2012-04-05,buy,069620,대웅제약,25850
2012-07-05,sell,069620,대웅제약,25450
2014-06-05,buy,069620,대웅제약,54600
2014-06-12,sell,069620,대웅제약,60300
2016-12-05,buy,069620,대웅제약,65000
2011-05-19,buy,006800,미래에셋대우,19200
2011-08-12,sell,006800,미래에셋대우,14250
2011-08-19,buy,006800,미래에셋대우,13500
2011-08-29,sell,006800,미래에셋대우,14900
2011-09-06,buy,006800,미래에셋대우,13250
2011-11-28,sell,006800,미래에셋대우,9630
2013-06-21,buy,006800,미래에셋대우,9740
2013-09-17,sell,006800,미래에셋대우,10050
2013-11-14,buy,006800,미래에셋대우,9020
2014-02-14,sell,006800,미래에셋대우,8230
2014-03-17,buy,006800,미래에셋대우,8050
2014-04-15,sell,006800,미래에셋대우,8890
2016-01-04,buy,006800,미래에셋대우,9000
2016-03-07,sell,006800,미래에셋대우,8820
2016-11-21,buy,006800,미래에셋대우,7220
2014-05-15,buy,004490,세방전지,48400
2014-08-11,sell,004490,세방전지,47950
2014-09-29,buy,004490,세방전지,44250
2014-12-26,sell,004490,세방전지,40350
2016-01-20,buy,004490,세방전지,37600
2016-03-07,sell,004490,세방전지,41500
2016-11-02,buy,004490,세방전지,35900
2016-12-19,sell,004490,세방전지,38000
2010-02-16,buy,003520,영진약품,1175
2010-03-18,sell,003520,영진약품,1300
2010-05-18,buy,003520,영진약품,1160
2010-07-15,sell,003520,영진약품,885
2011-03-15,buy,003520,영진약품,764
2011-03-31,sell,003520,영진약품,850
2014-07-21,buy,003520,영진약품,1625
2014-10-06,sell,003520,영진약품,1550
2014-10-10,buy,003520,영진약품,1520
2015-01-08,sell,003520,영진약품,1280
2011-05-20,buy,003620,쌍용차,8260
2011-07-04,sell,003620,쌍용차,9120
2011-08-05,buy,003620,쌍용차,7360
2011-09-22,sell,003620,쌍용차,6000
2011-09-23,buy,003620,쌍용차,5590
2011-12-20,sell,003620,쌍용차,4665
2011-12-27,buy,003620,쌍용차,4560
2011-12-28,sell,003620,쌍용차,5040
2014-09-30,buy,003620,쌍용차,6590
2014-10-06,sell,003620,쌍용차,7280
2015-11-10,buy,003620,쌍용차,8000
2016-02-04,sell,003620,쌍용차,6520
2013-10-17,buy,161890,한국콜마,20100
2013-10-31,sell,161890,한국콜마,22200
2016-11-18,buy,161890,한국콜마,70400
2011-03-10,buy,002270,롯데푸드,238000
2011-03-28,sell,002270,롯데푸드,263000
2013-10-17,buy,002270,롯데푸드,585000
2013-10-25,sell,002270,롯데푸드,646000
2014-11-10,buy,002270,롯데푸드,647000
2015-01-14,sell,002270,롯데푸드,606000
2016-08-18,buy,002270,롯데푸드,757000
2016-11-17,sell,002270,롯데푸드,706000
2011-05-24,buy,005490,POSCO,445000
2011-08-18,sell,005490,POSCO,398500
2011-08-19,buy,005490,POSCO,382000
2011-09-07,sell,005490,POSCO,422000
2011-09-23,buy,005490,POSCO,362000
2011-12-01,sell,005490,POSCO,400000
2012-10-11,buy,005490,POSCO,350000
2012-10-15,sell,005490,POSCO,352000
2012-10-23,buy,005490,POSCO,348500
2013-01-22,sell,005490,POSCO,361500
2013-06-21,buy,005490,POSCO,294000
2013-07-23,sell,005490,POSCO,325000
2014-02-04,buy,005490,POSCO,290000
2014-04-01,sell,005490,POSCO,300500
2015-01-16,buy,005490,POSCO,271500
2015-04-16,sell,005490,POSCO,256000
2015-06-04,buy,005490,POSCO,234500
2015-08-31,sell,005490,POSCO,190000
2015-09-23,buy,005490,POSCO,174000
2015-10-23,sell,005490,POSCO,192000
2015-11-16,buy,005490,POSCO,165500
2015-12-24,sell,005490,POSCO,183000
2016-01-11,buy,005490,POSCO,161500
2016-01-29,sell,005490,POSCO,179000
2012-05-18,buy,069960,현대백화점,145500
2012-08-14,sell,069960,현대백화점,136500
2014-01-23,buy,069960,현대백화점,145500
2014-04-22,sell,069960,현대백화점,140000
2014-05-02,buy,069960,현대백화점,130000
2014-07-28,sell,069960,현대백화점,144000
2014-12-11,buy,069960,현대백화점,122000
2014-12-18,sell,069960,현대백화점,121000
2015-01-06,buy,069960,현대백화점,116000
2015-02-04,sell,069960,현대백화점,128000
2016-09-19,buy,069960,현대백화점,116000
2016-11-16,sell,069960,현대백화점,116500
2016-11-21,buy,069960,현대백화점,113000
2011-09-26,buy,009830,한화케미칼,23400
2011-09-28,sell,009830,한화케미칼,25900
2011-10-05,buy,009830,한화케미칼,22000
2011-10-07,sell,009830,한화케미칼,24300
2012-05-10,buy,009830,한화케미칼,21850
2012-08-02,sell,009830,한화케미칼,20950
2012-10-12,buy,009830,한화케미칼,18700
2013-01-11,sell,009830,한화케미칼,20400
2013-05-02,buy,009830,한화케미칼,16050
2013-05-16,sell,009830,한화케미칼,17800
2013-06-24,buy,009830,한화케미칼,15950
2013-07-10,sell,009830,한화케미칼,17600
2014-08-14,buy,009830,한화케미칼,17350
2014-10-20,sell,009830,한화케미칼,11700
2014-10-21,buy,009830,한화케미칼,11300
2014-10-30,sell,009830,한화케미칼,12500
2014-11-04,buy,009830,한화케미칼,10750
2014-11-10,sell,009830,한화케미칼,11900
2014-11-28,buy,064350,현대로템,20150
2014-12-09,sell,064350,현대로템,22300
2014-12-10,buy,064350,현대로템,19950
2015-03-04,sell,064350,현대로템,19050
2015-08-10,buy,064350,현대로템,16150
2015-09-17,sell,064350,현대로템,17900
2015-11-18,buy,064350,현대로템,15900
2016-01-11,sell,064350,현대로템,13200
2016-01-12,buy,064350,현대로템,12950
2016-02-26,sell,064350,현대로템,14300
2011-09-28,buy,120110,코오롱인더,55200
2011-09-29,sell,120110,코오롱인더,61000
2012-10-12,buy,120110,코오롱인더,57100
2012-12-26,sell,120110,코오롱인더,63000
2013-04-12,buy,120110,코오롱인더,50000
2013-04-26,sell,120110,코오롱인더,51100
2013-06-20,buy,120110,코오롱인더,47550
2013-08-02,sell,120110,코오롱인더,52500
2014-11-10,buy,120110,코오롱인더,44200
2014-11-21,sell,120110,코오롱인더,48800
2014-12-12,buy,120110,코오롱인더,42700
2014-12-26,sell,120110,코오롱인더,47200
2010-03-31,buy,007570,일양약품,24200
2010-04-06,sell,007570,일양약품,26700
2010-05-20,buy,007570,일양약품,22700
2010-07-23,sell,007570,일양약품,25100
2011-02-18,buy,007570,일양약품,18950
2011-03-11,sell,007570,일양약품,17200
2011-03-15,buy,007570,일양약품,15400
2011-03-18,sell,007570,일양약품,17000
2014-06-12,buy,007570,일양약품,23850
2014-09-04,sell,007570,일양약품,24450
2016-10-18,buy,007570,일양약품,43650
2012-10-24,buy,000270,기아차,62400
2013-01-22,sell,000270,기아차,54300
2013-01-24,buy,000270,기아차,52300
2013-04-23,sell,000270,기아차,49550
2014-11-03,buy,000270,기아차,49200
2014-11-10,sell,000270,기아차,54300
2015-01-26,buy,000270,기아차,46450
2015-04-20,sell,000270,기아차,47850
2015-06-08,buy,000270,기아차,43050
2015-08-25,sell,000270,기아차,47500
2016-08-04,buy,000270,기아차,40800
2016-08-16,sell,000270,기아차,41600
2016-10-31,buy,000270,기아차,40700
2010-05-25,buy,000210,대림산업,53100
2010-06-01,sell,000210,대림산업,58600
2011-10-04,buy,000210,대림산업,82100
2011-10-24,sell,000210,대림산업,90600
2012-10-15,buy,000210,대림산업,81500
2012-12-13,sell,000210,대림산업,81600
2014-05-12,buy,000210,대림산업,78000
2014-07-01,sell,000210,대림산업,86100
2014-09-29,buy,000210,대림산업,76600
2014-11-10,sell,000210,대림산업,73800
2014-12-12,buy,000210,대림산업,65000
2015-03-17,sell,000210,대림산업,68000
2012-03-22,buy,000070,삼양홀딩스,69500
2012-06-20,sell,000070,삼양홀딩스,51100
2012-06-25,buy,000070,삼양홀딩스,49550
2012-07-12,sell,000070,삼양홀딩스,54700
2016-07-27,buy,000070,삼양홀딩스,128000
2016-10-11,sell,000070,삼양홀딩스,135000
2012-08-03,buy,001040,CJ,72400
2012-08-21,sell,001040,CJ,79900
2013-11-12,buy,001040,CJ,99900
2013-12-30,sell,001040,CJ,110300
2016-08-05,buy,001040,CJ,183500
2016-08-12,sell,001040,CJ,203000
2016-09-12,buy,001040,CJ,181500
2016-10-06,sell,001040,CJ,179500
2016-10-31,buy,001040,CJ,174500
2015-01-08,buy,007340,동아타이어,18500
2015-02-26,sell,007340,동아타이어,20500
2011-08-10,buy,004800,효성,76100
2011-11-08,sell,004800,효성,67700
2012-06-04,buy,004800,효성,49850
2012-06-18,sell,004800,효성,55000
2012-07-23,buy,004800,효성,48100
2012-07-31,sell,004800,효성,53100
2014-11-03,buy,004800,효성,62400
2014-11-25,sell,004800,효성,68900
2010-07-07,buy,015760,한국전력,30450
2010-07-26,sell,015760,한국전력,33600
2010-08-27,buy,015760,한국전력,29900
2010-11-08,sell,015760,한국전력,29700
2010-11-25,buy,015760,한국전력,28550
2011-02-24,sell,015760,한국전력,28500
2011-02-28,buy,015760,한국전력,27600
2011-05-27,sell,015760,한국전력,29250
2011-08-03,buy,015760,한국전력,24950
2011-11-02,sell,015760,한국전력,24800
2016-11-04,buy,015760,한국전력,47350
2010-04-02,buy,012630,현대산업,32250
2010-06-30,sell,012630,현대산업,27500
2011-08-09,buy,012630,현대산업,25000
2011-11-08,sell,012630,현대산업,19350
2016-01-06,buy,012630,현대산업,36350
2016-01-13,sell,012630,현대산업,40200
2012-04-09,buy,005850,에스엘,17100
2012-04-30,sell,005850,에스엘,18900
2012-09-06,buy,005850,에스엘,16100
2012-11-14,sell,005850,에스엘,11150
2015-07-02,buy,005850,에스엘,16800
2015-09-30,sell,005850,에스엘,18600
2016-07-08,buy,005850,에스엘,14150
2016-07-11,sell,005850,에스엘,14350
2016-07-14,buy,005850,에스엘,13850
2016-08-18,sell,005850,에스엘,15300
2015-01-09,buy,185750,종근당,61500
2015-03-19,sell,185750,종근당,67900
2011-08-09,buy,006400,삼성SDI,141500
2011-08-11,sell,006400,삼성SDI,157000
2011-08-19,buy,006400,삼성SDI,139000
2011-11-15,sell,006400,삼성SDI,127000
2013-04-04,buy,006400,삼성SDI,133000
2013-07-03,sell,006400,삼성SDI,141000
2014-09-24,buy,006400,삼성SDI,134000
2014-12-22,sell,006400,삼성SDI,121000
2015-07-22,buy,006400,삼성SDI,100000
2015-10-06,sell,006400,삼성SDI,111000
2012-05-25,buy,012330,현대모비스,266000
2012-07-24,sell,012330,현대모비스,294000
2012-11-05,buy,012330,현대모비스,259500
2012-11-27,sell,012330,현대모비스,287000
2013-01-11,buy,012330,현대모비스,258000
2013-01-21,sell,012330,현대모비스,263500
2013-04-29,buy,012330,현대모비스,246000
2013-05-20,sell,012330,현대모비스,272000
2014-09-18,buy,012330,현대모비스,257000
2014-11-28,sell,012330,현대모비스,247000
2015-05-18,buy,012330,현대모비스,227000
2015-08-12,sell,012330,현대모비스,212000
2013-10-17,buy,001800,오리온홀딩스,882000
2013-10-24,sell,001800,오리온홀딩스,974000
2014-01-08,buy,001800,오리온홀딩스,880000
2014-03-31,sell,001800,오리온홀딩스,819000
2014-04-15,buy,001800,오리온홀딩스,780000
2014-05-13,sell,001800,오리온홀딩스,861000
2016-08-17,buy,001800,오리온홀딩스,783000
2016-10-25,sell,001800,오리온홀딩스,744000
2016-11-02,buy,001800,오리온홀딩스,700000
2015-11-02,buy,111770,영원무역,45050
2016-01-26,sell,111770,영원무역,49800
2016-07-06,buy,111770,영원무역,38300
2016-07-11,sell,111770,영원무역,39000
2016-07-14,buy,111770,영원무역,37100
2016-10-14,sell,111770,영원무역,35600
2016-10-25,buy,111770,영원무역,33100
2011-09-05,buy,008060,대덕전자,6930
2011-10-06,sell,008060,대덕전자,7650
2012-10-17,buy,008060,대덕전자,10050
2012-11-30,sell,008060,대덕전자,11100
2013-07-08,buy,008060,대덕전자,8770
2013-07-22,sell,008060,대덕전자,9060
2013-11-21,buy,008060,대덕전자,8650
2014-02-21,sell,008060,대덕전자,7420
2014-05-20,buy,008060,대덕전자,7160
2014-06-30,sell,008060,대덕전자,7900
2015-06-24,buy,008060,대덕전자,7740
2015-08-12,sell,008060,대덕전자,7580
2011-03-14,buy,034020,두산중공업,58000
2011-03-21,sell,034020,두산중공업,64000
2011-06-10,buy,034020,두산중공업,54700
2011-07-01,sell,034020,두산중공업,60400
2011-08-19,buy,034020,두산중공업,50400
2011-08-29,sell,034020,두산중공업,55700
2012-05-21,buy,034020,두산중공업,50200
2012-06-14,sell,034020,두산중공업,55400
2012-10-26,buy,034020,두산중공업,49500
2012-11-27,sell,034020,두산중공업,42500
2012-11-28,buy,034020,두산중공업,41750
2012-12-11,sell,034020,두산중공업,46100
2013-04-16,buy,034020,두산중공업,39200
2013-05-08,sell,034020,두산중공업,43300
2013-11-21,buy,034020,두산중공업,36900
2014-01-20,sell,034020,두산중공업,36500
2014-06-11,buy,034020,두산중공업,31650
2014-06-27,sell,034020,두산중공업,35000
2014-07-30,buy,034020,두산중공업,31150
2014-10-16,sell,034020,두산중공업,23250
2014-10-21,buy,034020,두산중공업,22850
2014-11-17,sell,034020,두산중공업,25300
2015-01-16,buy,034020,두산중공업,21450
2015-01-28,sell,034020,두산중공업,23700
2015-07-24,buy,034020,두산중공업,20200
2015-09-11,sell,034020,두산중공업,22300
2016-01-14,buy,034020,두산중공업,16600
2016-01-19,sell,034020,두산중공업,14450
2012-05-16,buy,093050,LF,35400
2012-08-10,sell,093050,LF,29650
2013-08-01,buy,093050,LF,27250
2013-09-27,sell,093050,LF,30100
2014-05-08,buy,093050,LF,25800
2014-06-16,sell,093050,LF,26800
2015-12-07,buy,093050,LF,27950
2016-03-10,sell,093050,LF,26000
2016-05-17,buy,093050,LF,24050
2016-08-11,sell,093050,LF,21950
2013-03-20,buy,086280,현대글로비스,188000
2013-06-17,sell,086280,현대글로비스,185500
2015-04-01,buy,086280,현대글로비스,225000
2015-04-24,sell,086280,현대글로비스,249000
2015-06-18,buy,086280,현대글로비스,207500
2015-08-21,sell,086280,현대글로비스,175000
2015-08-24,buy,086280,현대글로비스,163000
2015-09-08,sell,086280,현대글로비스,180000
2016-11-10,buy,086280,현대글로비스,159500
2011-09-14,buy,009540,현대중공업,288000
2011-10-11,sell,009540,현대중공업,318000
2012-07-16,buy,009540,현대중공업,236500
2012-09-14,sell,009540,현대중공업,261000
2012-11-08,buy,009540,현대중공업,215500
2012-11-09,sell,009540,현대중공업,211000
2012-11-12,buy,009540,현대중공업,204500
2012-12-11,sell,009540,현대중공업,226000
2013-04-12,buy,009540,현대중공업,188000
2013-05-16,sell,009540,현대중공업,208000
2013-06-21,buy,009540,현대중공업,182000
2013-07-17,sell,009540,현대중공업,201000
2014-06-25,buy,009540,현대중공업,176500
2014-06-27,sell,009540,현대중공업,177500
2014-07-07,buy,009540,현대중공업,176000
2014-10-07,sell,009540,현대중공업,119500
2014-10-10,buy,009540,현대중공업,117500
2014-11-24,sell,009540,현대중공업,130000
2015-01-16,buy,009540,현대중공업,95000
2015-01-20,sell,009540,현대중공업,104900
2015-08-03,buy,009540,현대중공업,94900
2015-09-15,sell,009540,현대중공업,97700
2010-11-16,buy,079430,현대리바트,7450
2011-02-14,sell,079430,현대리바트,7150
2011-02-21,buy,079430,현대리바트,6820
2011-03-08,sell,079430,현대리바트,7530
2012-04-26,buy,079430,현대리바트,6600
2012-07-12,sell,079430,현대리바트,5870
2016-04-22,buy,079430,현대리바트,32050
2016-07-21,sell,079430,현대리바트,25900
2016-08-22,buy,079430,현대리바트,23550
2016-10-12,sell,079430,현대리바트,26000
2010-05-25,buy,001740,SK네트웍스,9960
2010-06-03,sell,001740,SK네트웍스,10990
2010-08-27,buy,001740,SK네트웍스,9910
2010-09-29,sell,001740,SK네트웍스,10940
2011-09-26,buy,001740,SK네트웍스,9410
2011-09-27,sell,001740,SK네트웍스,10390
2012-04-25,buy,001740,SK네트웍스,9400
2012-06-19,sell,001740,SK네트웍스,8950
2012-11-21,buy,001740,SK네트웍스,7950
2012-12-21,sell,001740,SK네트웍스,8780
2013-02-05,buy,001740,SK네트웍스,7900
2013-04-05,sell,001740,SK네트웍스,7150
2013-04-08,buy,001740,SK네트웍스,6860
2013-07-05,sell,001740,SK네트웍스,6480
2015-01-21,buy,001740,SK네트웍스,7590
2015-01-29,sell,001740,SK네트웍스,8380
2015-07-13,buy,001740,SK네트웍스,7490
2015-10-02,sell,001740,SK네트웍스,6950
2015-11-16,buy,001740,SK네트웍스,5790
2016-02-17,sell,001740,SK네트웍스,5910
2013-12-19,buy,007070,GS리테일,26450
2014-03-20,sell,007070,GS리테일,27550
2014-05-30,buy,007070,GS리테일,23000
2014-07-15,sell,007070,GS리테일,25400
2014-07-17,buy,007070,GS리테일,22300
2014-09-02,sell,007070,GS리테일,23500
2016-10-26,buy,007070,GS리테일,44700
2016-11-04,sell,007070,GS리테일,49400
2011-08-09,buy,000080,하이트진로,30300
2011-08-19,sell,000080,하이트진로,33500
2011-09-21,buy,000080,하이트진로,29550
2011-12-07,sell,000080,하이트진로,31650
2012-05-18,buy,000080,하이트진로,21100
2012-07-26,sell,000080,하이트진로,23300
2013-11-26,buy,000080,하이트진로,24050
2013-12-17,sell,000080,하이트진로,21850
2014-01-21,buy,000080,하이트진로,20900
2014-02-28,sell,000080,하이트진로,23100
2015-06-16,buy,000080,하이트진로,20700
2015-06-24,sell,000080,하이트진로,22900
2016-08-22,buy,000080,하이트진로,21350
2016-10-10,sell,000080,하이트진로,22200
2016-10-19,buy,000080,하이트진로,21250
2010-02-05,buy,096760,JW홀딩스,1845
2010-03-03,sell,096760,JW홀딩스,2040
2010-05-07,buy,096760,JW홀딩스,1820
2010-07-06,sell,096760,JW홀딩스,2010
2012-11-21,buy,096760,JW홀딩스,2305
2012-11-29,sell,096760,JW홀딩스,2330
2012-12-03,buy,096760,JW홀딩스,2285
2013-03-06,sell,096760,JW홀딩스,2220
2013-04-05,buy,096760,JW홀딩스,2130
2013-04-24,sell,096760,JW홀딩스,2360
2014-10-13,buy,096760,JW홀딩스,2350
2014-12-19,sell,096760,JW홀딩스,2520
2016-12-08,buy,096760,JW홀딩스,7520
2016-12-12,sell,096760,JW홀딩스,8300
2016-02-23,buy,192820,코스맥스,121000
2016-03-16,sell,192820,코스맥스,134000
2016-10-25,buy,192820,코스맥스,118500
2016-12-28,sell,192820,코스맥스,119000
2010-05-06,buy,016360,삼성증권,58500
2010-08-02,sell,016360,삼성증권,61400
2011-08-22,buy,016360,삼성증권,58400
2011-09-01,sell,016360,삼성증권,64500
2011-09-05,buy,016360,삼성증권,58100
2011-11-23,sell,016360,삼성증권,47900
2013-06-24,buy,016360,삼성증권,45400
2013-09-23,sell,016360,삼성증권,48250
2013-11-21,buy,016360,삼성증권,44050
2014-02-21,sell,016360,삼성증권,37750
2014-03-13,buy,016360,삼성증권,37100
2014-04-09,sell,016360,삼성증권,41000
2015-12-07,buy,016360,삼성증권,42250
2016-02-12,sell,016360,삼성증권,34500
2016-10-05,buy,016360,삼성증권,34350
2016-12-29,sell,016360,삼성증권,31700
2012-07-20,buy,035250,강원랜드,23200
2012-10-08,sell,035250,강원랜드,25600
2016-11-03,buy,035250,강원랜드,36000
2016-11-15,sell,035250,강원랜드,35600
2016-11-16,buy,035250,강원랜드,35450
2011-10-20,buy,073240,금호타이어,9970
2011-10-25,sell,073240,금호타이어,11000
2011-11-25,buy,073240,금호타이어,9830
2011-11-30,sell,073240,금호타이어,10850
2013-01-14,buy,073240,금호타이어,11800
2013-03-15,sell,073240,금호타이어,13100
2013-06-20,buy,073240,금호타이어,10650
2013-07-11,sell,073240,금호타이어,11300
2014-09-11,buy,073240,금호타이어,10100
2014-09-17,sell,073240,금호타이어,11200
2014-12-26,buy,073240,금호타이어,10050
2015-03-25,sell,073240,금호타이어,9290
2015-05-19,buy,073240,금호타이어,8700
2015-08-13,sell,073240,금호타이어,6620
2015-08-17,buy,073240,금호타이어,6530
2015-09-25,sell,073240,금호타이어,7210
2010-01-26,buy,010950,S-Oil,51200
2010-03-05,sell,010950,S-Oil,56500
2010-05-25,buy,010950,S-Oil,49800
2010-06-25,sell,010950,S-Oil,55000
2013-04-22,buy,010950,S-Oil,87000
2013-05-13,sell,010950,S-Oil,87600
2013-06-05,buy,010950,S-Oil,85800
2013-09-02,sell,010950,S-Oil,76800
2014-01-07,buy,010950,S-Oil,69700
2014-04-04,sell,010950,S-Oil,60700
2014-04-25,buy,010950,S-Oil,60200
2014-07-28,sell,010950,S-Oil,54500
2014-08-07,buy,010950,S-Oil,53700
2014-11-10,sell,010950,S-Oil,40200
2012-03-26,buy,003240,태광산업,1173000
2012-06-22,sell,003240,태광산업,843000
2015-01-27,buy,003240,태광산업,1114000
2015-04-14,sell,003240,태광산업,1230000
2015-11-02,buy,003240,태광산업,1105000
2015-11-16,sell,003240,태광산업,1120000
2015-12-08,buy,003240,태광산업,1071000
2016-03-11,sell,003240,태광산업,1011000
2016-03-25,buy,003240,태광산업,946000
2016-06-24,sell,003240,태광산업,886000
2016-06-28,buy,003240,태광산업,881000
2016-09-27,sell,003240,태광산업,859000
2011-05-19,buy,004710,한솔테크닉스,36650
2011-08-12,sell,004710,한솔테크닉스,23300
2011-09-06,buy,004710,한솔테크닉스,21650
2011-09-20,sell,004710,한솔테크닉스,23900
2011-09-23,buy,004710,한솔테크닉스,20450
2011-10-13,sell,004710,한솔테크닉스,22600
2012-05-11,buy,004710,한솔테크닉스,17250
2012-07-12,sell,004710,한솔테크닉스,16100
2012-11-15,buy,004710,한솔테크닉스,10950
2012-11-21,sell,004710,한솔테크닉스,12100
2014-08-26,buy,004710,한솔테크닉스,15600
2014-11-21,sell,004710,한솔테크닉스,12500
2016-08-31,buy,004710,한솔테크닉스,17000
2016-11-30,sell,004710,한솔테크닉스,14050
2016-12-01,buy,004710,한솔테크닉스,13800
2016-12-19,sell,004710,한솔테크닉스,15300
2011-10-05,buy,010130,고려아연,232000
2011-10-06,sell,010130,고려아연,256000
2013-04-15,buy,010130,고려아연,285000
2013-04-25,sell,010130,고려아연,315000
2013-06-25,buy,010130,고려아연,264000
2013-07-23,sell,010130,고려아연,292000
